,id,name,addr,gcj_lng,gcj_lat,walking_duration,driving__duration,Public_transport_duration,monthly_rent,poi_entropy_800m,poi_counts_800m
0,B00156YLA3,万科五玠坊,上海市浦东新区杨南路1705弄,121.514834,31.155929,50.9,17.066666666666666,34.03333333333333,13750.0,3.016885840478269,"{ ""交通设施"": 164, ""休闲娱乐"": 32, ""公司企业"": 96, ""医疗保健"": 38, ""商务住宅"": 73, ""旅游景点"": 5, ""汽车相关"": 55, ""生活服务"": 260, ""科教文化"": 63, ""购物消费"": 512, ""运动健身"": 33, ""酒店住宿"": 37, ""金融机构"": 10, ""餐饮美食"": 304 }"
1,B00155IVX9,上南花苑,上海市浦东新区齐河路259弄1-44号,121.504142,31.181497,71.78333333333333,26.516666666666666,30.683333333333334,24750.0,3.308516291441568,"{ ""交通设施"": 217, ""休闲娱乐"": 50, ""公司企业"": 117, ""医疗保健"": 53, ""商务住宅"": 93, ""旅游景点"": 22, ""汽车相关"": 64, ""生活服务"": 295, ""科教文化"": 115, ""购物消费"": 452, ""运动健身"": 93, ""酒店住宿"": 33, ""金融机构"": 54, ""餐饮美食"": 331 }"
2,B0015573HW,红梅苑(北环路),上海市闵行区三鲁公路467弄128支弄1-67号,121.531284,31.021702,220.4833333333333,59.66666666666666,66.75,5224.0375,3.0406032258308677,"{ ""交通设施"": 39, ""休闲娱乐"": 10, ""公司企业"": 119, ""医疗保健"": 13, ""商务住宅"": 37, ""旅游景点"": 1, ""汽车相关"": 56, ""生活服务"": 126, ""科教文化"": 16, ""购物消费"": 162, ""运动健身"": 4, ""酒店住宿"": 8, ""金融机构"": 9, ""餐饮美食"": 114 }"
3,B00156IJ3V,万科早城,上海市闵行区江榉路588弄,121.485813,31.104377,80.55,21.516666666666666,59.78333333333333,13495.35,3.0097877286478334,"{ ""交通设施"": 31, ""休闲娱乐"": 5, ""公司企业"": 95, ""医疗保健"": 8, ""商务住宅"": 17, ""旅游景点"": 2, ""汽车相关"": 16, ""生活服务"": 50, ""科教文化"": 25, ""购物消费"": 44, ""运动健身"": 4, ""酒店住宿"": 1, ""餐饮美食"": 77 }"
4,B0FFGE3STA,金橘新苑,"上海市浦东新区尚博路799弄,尚博路650弄1-20号",121.524348,31.150716,60.81666666666667,17.966666666666665,29.23333333333333,13483.25,3.2465228728810045,"{ ""交通设施"": 118, ""休闲娱乐"": 7, ""公司企业"": 53, ""医疗保健"": 41, ""商务住宅"": 45, ""旅游景点"": 4, ""汽车相关"": 41, ""生活服务"": 195, ""科教文化"": 76, ""购物消费"": 122, ""运动健身"": 26, ""酒店住宿"": 8, ""金融机构"": 9, ""餐饮美食"": 78 }"
5,B0FFG7ML2V,湾流域城,上海市浦东新区尚博路518弄,121.518522,31.148139,54.11666666666667,16.35,28.566666666666663,31625.0,3.184172874260495,"{ ""交通设施"": 135, ""休闲娱乐"": 20, ""公司企业"": 92, ""医疗保健"": 52, ""商务住宅"": 81, ""旅游景点"": 5, ""汽车相关"": 45, ""生活服务"": 258, ""科教文化"": 82, ""购物消费"": 291, ""运动健身"": 31, ""酒店住宿"": 24, ""金融机构"": 11, ""餐饮美食"": 250 }"
6,B00156DBCP,东方悦居,上海市浦东新区杨思路1121弄之1-85号,121.504442,31.165083,45.9,22.5,34.233333333333334,23375.0,3.07215574753849,"{ ""交通设施"": 169, ""休闲娱乐"": 41, ""公司企业"": 108, ""医疗保健"": 73, ""商务住宅"": 124, ""旅游景点"": 15, ""汽车相关"": 53, ""生活服务"": 371, ""科教文化"": 117, ""购物消费"": 644, ""运动健身"": 35, ""酒店住宿"": 45, ""金融机构"": 27, ""餐饮美食"": 414 }"
7,B0FFFS79HP,瑞和新苑,上海市闵行区浦涛路400弄1-26号,121.538643,31.047979,189.91666666666663,52.68333333333333,60.96666666666667,19841.8,3.1019911575511943,"{ ""交通设施"": 59, ""休闲娱乐"": 14, ""公司企业"": 22, ""医疗保健"": 23, ""商务住宅"": 51, ""旅游景点"": 2, ""汽车相关"": 13, ""生活服务"": 139, ""科教文化"": 37, ""购物消费"": 129, ""运动健身"": 17, ""酒店住宿"": 10, ""金融机构"": 3, ""餐饮美食"": 131 }"
8,B00155CGES,紫竹华庭,上海市浦东新区昌里东路333弄1-14号,121.510589,31.177694,71.83333333333333,27.016666666666666,32.733333333333334,5500.0,3.2454226502013586,"{ ""交通设施"": 154, ""休闲娱乐"": 26, ""公司企业"": 69, ""医疗保健"": 70, ""商务住宅"": 105, ""旅游景点"": 3, ""汽车相关"": 49, ""生活服务"": 329, ""科教文化"": 88, ""购物消费"": 336, ""运动健身"": 55, ""酒店住宿"": 26, ""金融机构"": 44, ""餐饮美食"": 219 }"
9,B0FFG77UNK,新世纪花苑2期,上海市浦东新区耀华路579弄1-128号,121.479338,31.17249,43.766666666666666,17.016666666666666,39.78333333333333,6831.0,3.3205051874757734,"{ ""交通设施"": 40, ""休闲娱乐"": 4, ""公司企业"": 60, ""医疗保健"": 14, ""商务住宅"": 36, ""旅游景点"": 9, ""汽车相关"": 9, ""生活服务"": 63, ""科教文化"": 9, ""购物消费"": 31, ""运动健身"": 3, ""酒店住宿"": 8, ""金融机构"": 11, ""餐饮美食"": 25 }"
10,B00155KP8O,恒大翰城瀚锦苑,上海市浦东新区洪山路1889弄11号401室,121.511475,31.151016,44.66666666666666,15.05,25.416666666666668,52250.0,2.9794138866100752,"{ ""交通设施"": 150, ""休闲娱乐"": 26, ""公司企业"": 77, ""医疗保健"": 64, ""商务住宅"": 103, ""旅游景点"": 3, ""汽车相关"": 68, ""生活服务"": 298, ""科教文化"": 25, ""购物消费"": 522, ""运动健身"": 21, ""酒店住宿"": 36, ""金融机构"": 15, ""餐饮美食"": 270 }"
11,B00155E6A9,东方滨港园,上海市浦东新区盛苑路777弄1-40号,121.530316,31.158212,75.28333333333333,25.35,46.61666666666667,5843.75,2.660666944008696,"{ ""交通设施"": 68, ""休闲娱乐"": 6, ""公司企业"": 31, ""医疗保健"": 9, ""商务住宅"": 22, ""旅游景点"": 1, ""汽车相关"": 25, ""生活服务"": 150, ""科教文化"": 28, ""购物消费"": 272, ""运动健身"": 9, ""酒店住宿"": 4, ""金融机构"": 4, ""餐饮美食"": 42 }"
12,B00156DF7T,品诚苑,上海市浦东新区南林路557弄之1-14号,121.520742,31.138316,70.76666666666667,19.33333333333333,38.15,4936.25,3.123774922173793,"{ ""交通设施"": 87, ""休闲娱乐"": 21, ""公司企业"": 43, ""医疗保健"": 35, ""商务住宅"": 44, ""旅游景点"": 6, ""汽车相关"": 25, ""生活服务"": 222, ""科教文化"": 62, ""购物消费"": 246, ""运动健身"": 22, ""酒店住宿"": 15, ""金融机构"": 16, ""餐饮美食"": 140 }"
13,B00156TGVA,昌里都市庭院,上海市浦东新区齐河路438弄之1-53号,121.50708,31.179448,72.8,25.2,39.766666666666666,6187.5,3.336355820979352,"{ ""交通设施"": 160, ""休闲娱乐"": 24, ""公司企业"": 62, ""医疗保健"": 55, ""商务住宅"": 91, ""旅游景点"": 8, ""汽车相关"": 45, ""生活服务"": 241, ""科教文化"": 87, ""购物消费"": 272, ""运动健身"": 66, ""酒店住宿"": 26, ""金融机构"": 44, ""餐饮美食"": 215 }"
14,B00155L4HM,新华苑(西营南路),上海市浦东新区西营南路6弄-11弄,121.485524,31.162009,25.7,11.733333333333333,31.216666666666665,11580.9375,3.216228738860581,"{ ""交通设施"": 67, ""休闲娱乐"": 6, ""公司企业"": 79, ""医疗保健"": 27, ""商务住宅"": 91, ""旅游景点"": 5, ""汽车相关"": 12, ""生活服务"": 165, ""科教文化"": 33, ""购物消费"": 132, ""运动健身"": 23, ""酒店住宿"": 10, ""金融机构"": 15, ""餐饮美食"": 102 }"
15,B00155QGOK,世博家园十一街坊,上海市闵行区浦驰路188弄1-109号,121.504192,31.074866,130.76666666666668,33.35,46.95,24543.75,3.2247022771212204,"{ ""交通设施"": 127, ""休闲娱乐"": 21, ""公司企业"": 21, ""医疗保健"": 43, ""商务住宅"": 50, ""旅游景点"": 14, ""汽车相关"": 40, ""生活服务"": 192, ""科教文化"": 63, ""购物消费"": 275, ""运动健身"": 34, ""酒店住宿"": 53, ""金融机构"": 16, ""餐饮美食"": 187 }"
16,B00155LBV5,长清路595弄小区,上海市浦东新区长清路595弄1-8号,121.491504,31.159851,25.633333333333333,12.666666666666666,18.716666666666665,2062.5,3.1648219330298963,"{ ""交通设施"": 91, ""休闲娱乐"": 10, ""公司企业"": 109, ""医疗保健"": 22, ""商务住宅"": 118, ""旅游景点"": 8, ""汽车相关"": 23, ""生活服务"": 210, ""科教文化"": 60, ""购物消费"": 214, ""运动健身"": 15, ""酒店住宿"": 12, ""金融机构"": 17, ""餐饮美食"": 155 }"
17,B00156CRUS,上南三村,上海市浦东新区上南路1251弄,121.497892,31.173929,53.73333333333333,22.466666666666665,29.53333333333333,3850.0,3.146271838829443,"{ ""交通设施"": 174, ""休闲娱乐"": 39, ""公司企业"": 99, ""医疗保健"": 73, ""商务住宅"": 136, ""旅游景点"": 16, ""汽车相关"": 34, ""生活服务"": 332, ""科教文化"": 111, ""购物消费"": 554, ""运动健身"": 44, ""酒店住宿"": 44, ""金融机构"": 49, ""餐饮美食"": 411 }"
18,B00155ISVE,上钢十村,上海市浦东新区耀华路414弄1-23号,121.485199,31.170657,44.61666666666667,19.53333333333333,35.666666666666664,8937.5,3.183540186268719,"{ ""交通设施"": 83, ""休闲娱乐"": 7, ""公司企业"": 84, ""医疗保健"": 32, ""商务住宅"": 96, ""旅游景点"": 4, ""汽车相关"": 16, ""生活服务"": 172, ""科教文化"": 30, ""购物消费"": 131, ""运动健身"": 4, ""酒店住宿"": 15, ""金融机构"": 18, ""餐饮美食"": 112 }"
19,B00155KVMC,名嘉新苑,上海市浦东新区永泰路1650弄1-26号,121.535869,31.143933,82.21666666666667,19.916666666666668,45.71666666666667,13750.0,3.0854007346417323,"{ ""交通设施"": 113, ""休闲娱乐"": 17, ""公司企业"": 36, ""医疗保健"": 39, ""商务住宅"": 48, ""旅游景点"": 2, ""汽车相关"": 32, ""生活服务"": 244, ""科教文化"": 69, ""购物消费"": 237, ""运动健身"": 25, ""酒店住宿"": 12, ""金融机构"": 17, ""餐饮美食"": 196 }"
20,B00155LGMP,上钢六村,上海市浦东新区成山路143号昌里路340弄7号,121.490309,31.171689,46.9,17.25,28.716666666666665,7700.0,3.130978477703761,"{ ""交通设施"": 135, ""休闲娱乐"": 14, ""公司企业"": 105, ""医疗保健"": 55, ""商务住宅"": 127, ""旅游景点"": 6, ""汽车相关"": 19, ""生活服务"": 283, ""科教文化"": 61, ""购物消费"": 340, ""运动健身"": 17, ""酒店住宿"": 36, ""金融机构"": 36, ""餐饮美食"": 272 }"
21,B00154DG78,德州一村,上海市浦东新区德州路223弄1-29号,121.494842,31.16904,46.15,18.716666666666665,25.916666666666668,3575.0,3.094390584274462,"{ ""交通设施"": 138, ""休闲娱乐"": 22, ""公司企业"": 92, ""医疗保健"": 71, ""商务住宅"": 155, ""旅游景点"": 10, ""汽车相关"": 24, ""生活服务"": 355, ""科教文化"": 91, ""购物消费"": 455, ""运动健身"": 17, ""酒店住宿"": 47, ""金融机构"": 33, ""餐饮美食"": 330 }"
22,B00151B518,上钢九村,上海市浦东新区耀华路414弄1-23号,121.484288,31.172662,45.25,17.266666666666666,29.616666666666667,3575.0,3.179395437336829,"{ ""交通设施"": 72, ""休闲娱乐"": 3, ""公司企业"": 100, ""医疗保健"": 24, ""商务住宅"": 84, ""旅游景点"": 5, ""汽车相关"": 15, ""生活服务"": 142, ""科教文化"": 20, ""购物消费"": 85, ""运动健身"": 3, ""酒店住宿"": 15, ""金融机构"": 15, ""餐饮美食"": 58 }"
23,B0FFFPZKRS,永康城浦晨雅苑,上海市闵行区永杰路439弄1-31号,121.506068,31.029065,200.35,56.18333333333333,71.61666666666666,17906.075,2.9883543223130817,"{ ""交通设施"": 28, ""公司企业"": 12, ""医疗保健"": 5, ""商务住宅"": 18, ""汽车相关"": 39, ""生活服务"": 49, ""科教文化"": 11, ""购物消费"": 30, ""运动健身"": 1, ""酒店住宿"": 1, ""金融机构"": 2, ""餐饮美食"": 55 }"
24,B00156D169,都林龙苑,上海市浦东新区海阳路450弄,121.492553,31.153686,32.45,13.8,28.616666666666667,4950.0,3.0639502359615087,"{ ""交通设施"": 104, ""休闲娱乐"": 10, ""公司企业"": 141, ""医疗保健"": 36, ""商务住宅"": 124, ""旅游景点"": 5, ""汽车相关"": 33, ""生活服务"": 291, ""科教文化"": 68, ""购物消费"": 386, ""运动健身"": 34, ""酒店住宿"": 20, ""金融机构"": 19, ""餐饮美食"": 271 }"
25,B00155ALRX,凌霄苑,上海市浦东新区南林路734弄之1-39号,121.525276,31.137933,71.1,20.28333333333333,37.28333333333333,4971.8625,3.070722391315892,"{ ""交通设施"": 103, ""休闲娱乐"": 26, ""公司企业"": 19, ""医疗保健"": 42, ""商务住宅"": 50, ""旅游景点"": 6, ""汽车相关"": 29, ""生活服务"": 224, ""科教文化"": 73, ""购物消费"": 286, ""运动健身"": 27, ""酒店住宿"": 11, ""金融机构"": 17, ""餐饮美食"": 182 }"
26,B00156TM44,三林苑,上海市浦东新区三林路1466弄1-106号,121.52306,31.14613,61.46666666666667,16.033333333333335,20.7,25217.5,3.127690955706884,"{ ""交通设施"": 124, ""休闲娱乐"": 19, ""公司企业"": 53, ""医疗保健"": 60, ""商务住宅"": 46, ""旅游景点"": 5, ""汽车相关"": 38, ""生活服务"": 265, ""科教文化"": 83, ""购物消费"": 292, ""运动健身"": 34, ""酒店住宿"": 15, ""金融机构"": 13, ""餐饮美食"": 191 }"
27,B0015130FB,三林安居苑,上海市浦东新区三林路1662弄1-174号,121.526065,31.145571,66.9,19.616666666666667,26.28333333333333,13750.0,3.1259405861727347,"{ ""交通设施"": 129, ""休闲娱乐"": 14, ""公司企业"": 29, ""医疗保健"": 55, ""商务住宅"": 48, ""旅游景点"": 4, ""汽车相关"": 47, ""生活服务"": 230, ""科教文化"": 80, ""购物消费"": 249, ""运动健身"": 23, ""酒店住宿"": 12, ""金融机构"": 13, ""餐饮美食"": 169 }"
28,B00155KS0S,日月新苑,上海市浦东新区上南路3880弄之1-42号,121.503901,31.149588,38.65,21.23333333333333,23.48333333333333,7032.025,2.966524085996293,"{ ""交通设施"": 144, ""休闲娱乐"": 20, ""公司企业"": 129, ""医疗保健"": 81, ""商务住宅"": 156, ""旅游景点"": 4, ""汽车相关"": 57, ""生活服务"": 470, ""科教文化"": 64, ""购物消费"": 653, ""运动健身"": 32, ""酒店住宿"": 52, ""金融机构"": 21, ""餐饮美食"": 432 }"
29,B00155L4PA,齐八小区,上海市浦东新区昌里东路411弄1-50号,121.513192,31.17868,76.0,25.58333333333333,38.11666666666667,5087.5,3.2331740090860035,"{ ""交通设施"": 168, ""休闲娱乐"": 19, ""公司企业"": 91, ""医疗保健"": 66, ""商务住宅"": 107, ""旅游景点"": 1, ""汽车相关"": 60, ""生活服务"": 335, ""科教文化"": 79, ""购物消费"": 315, ""运动健身"": 44, ""酒店住宿"": 24, ""金融机构"": 40, ""餐饮美食"": 210 }"
30,B00155MLR1,凌兆十五村,上海市浦东新区上浦路201弄之1-71号,121.49167,31.14732,24.016666666666666,12.6,27.516666666666666,2062.5,2.9694934755295037,"{ ""交通设施"": 93, ""休闲娱乐"": 7, ""公司企业"": 95, ""医疗保健"": 24, ""商务住宅"": 73, ""旅游景点"": 3, ""汽车相关"": 35, ""生活服务"": 268, ""科教文化"": 41, ""购物消费"": 333, ""运动健身"": 18, ""酒店住宿"": 15, ""金融机构"": 16, ""餐饮美食"": 194 }"
31,B0FFG0Q3UY,永康城兴利苑,上海市闵行区永高路255弄,121.497587,31.03149,201.56666666666663,49.2,76.51666666666667,13203.1625,2.992932329845451,"{ ""交通设施"": 9, ""公司企业"": 3, ""医疗保健"": 2, ""商务住宅"": 8, ""旅游景点"": 5, ""汽车相关"": 22, ""生活服务"": 23, ""科教文化"": 5, ""购物消费"": 6, ""运动健身"": 2, ""金融机构"": 1, ""餐饮美食"": 29 }"
32,B00156EQIU,上南四村,上海市浦东新区上南路三、四村1251弄,121.497367,31.172334,52.583333333333336,21.25,28.28333333333333,7741.6625,3.066088706244874,"{ ""交通设施"": 161, ""休闲娱乐"": 32, ""公司企业"": 68, ""医疗保健"": 72, ""商务住宅"": 133, ""旅游景点"": 11, ""汽车相关"": 31, ""生活服务"": 327, ""科教文化"": 87, ""购物消费"": 512, ""运动健身"": 26, ""酒店住宿"": 42, ""金融机构"": 34, ""餐饮美食"": 394 }"
33,B0FFHC2W02,中粮·前滩海景壹号,上海市浦东新区东育路95弄1-16号,121.481066,31.160293,21.166666666666668,9.733333333333333,26.933333333333334,5637.5,3.305468869198846,"{ ""交通设施"": 40, ""休闲娱乐"": 1, ""公司企业"": 63, ""医疗保健"": 8, ""商务住宅"": 49, ""旅游景点"": 5, ""汽车相关"": 14, ""生活服务"": 67, ""科教文化"": 18, ""购物消费"": 48, ""运动健身"": 39, ""酒店住宿"": 4, ""金融机构"": 7, ""餐饮美食"": 62 }"
34,B00155QWY4,枫涧美墅(林鸣路),上海市浦东新区林鸣路326弄之1-102号,121.526114,31.131983,79.0,22.03333333333333,46.7,2750.0,3.0010176369200705,"{ ""交通设施"": 61, ""休闲娱乐"": 5, ""公司企业"": 23, ""医疗保健"": 22, ""商务住宅"": 25, ""旅游景点"": 3, ""汽车相关"": 13, ""生活服务"": 111, ""科教文化"": 20, ""购物消费"": 123, ""运动健身"": 3, ""酒店住宿"": 4, ""金融机构"": 8, ""餐饮美食"": 30 }"
35,B00155L4UT,雪野家园,上海市浦东新区浦东南路4250弄1-31号,121.499908,31.184191,70.83333333333333,20.3,28.633333333333333,9487.5,3.3926063995635096,"{ ""交通设施"": 147, ""休闲娱乐"": 37, ""公司企业"": 102, ""医疗保健"": 21, ""商务住宅"": 63, ""旅游景点"": 27, ""汽车相关"": 42, ""生活服务"": 136, ""科教文化"": 67, ""购物消费"": 257, ""运动健身"": 55, ""酒店住宿"": 20, ""金融机构"": 44, ""餐饮美食"": 195 }"
36,B001525C3F,东明苑(东明路),上海市浦东新区东明路383弄1-35号,121.510785,31.18252,80.61666666666666,25.5,33.21666666666667,9487.5,3.366853219535584,"{ ""交通设施"": 162, ""休闲娱乐"": 13, ""公司企业"": 122, ""医疗保健"": 48, ""商务住宅"": 113, ""旅游景点"": 2, ""汽车相关"": 64, ""生活服务"": 236, ""科教文化"": 80, ""购物消费"": 191, ""运动健身"": 64, ""酒店住宿"": 19, ""金融机构"": 31, ""餐饮美食"": 166 }"
37,B0FFGCERBW,鹏欣一品漫城5期前滩尚城,上海市闵行区闵行芦恒路378弄(8号线芦恒路站旁),121.486351,31.114867,74.83333333333333,22.95,53.13333333333333,13750.0,3.077679952288176,"{ ""交通设施"": 16, ""休闲娱乐"": 4, ""公司企业"": 66, ""医疗保健"": 7, ""商务住宅"": 22, ""旅游景点"": 1, ""汽车相关"": 14, ""生活服务"": 35, ""科教文化"": 19, ""购物消费"": 39, ""运动健身"": 6, ""餐饮美食"": 53 }"
38,B00155NML5,尚东鼎,上海市浦东新区海阳路1318号,121.513236,31.159028,57.8,24.03333333333333,28.516666666666666,18067.5,3.0442317154117307,"{ ""交通设施"": 148, ""休闲娱乐"": 30, ""公司企业"": 89, ""医疗保健"": 39, ""商务住宅"": 67, ""旅游景点"": 6, ""汽车相关"": 56, ""生活服务"": 241, ""科教文化"": 60, ""购物消费"": 475, ""运动健身"": 36, ""酒店住宿"": 31, ""金融机构"": 11, ""餐饮美食"": 274 }"
39,B00156D2Z6,东旺名苑,上海市浦东新区海阳路858-860弄,121.503451,31.156884,43.98333333333333,19.53333333333333,35.68333333333333,11000.0,3.050312381673168,"{ ""交通设施"": 177, ""休闲娱乐"": 46, ""公司企业"": 141, ""医疗保健"": 85, ""商务住宅"": 161, ""旅游景点"": 12, ""汽车相关"": 76, ""生活服务"": 503, ""科教文化"": 99, ""购物消费"": 765, ""运动健身"": 44, ""酒店住宿"": 57, ""金融机构"": 34, ""餐饮美食"": 480 }"
40,B00155ALDF,林梅小区,上海市浦东新区三林路788弄1-41号,121.507906,31.141207,48.13333333333333,16.283333333333335,25.1,6600.0,3.101195897017515,"{ ""交通设施"": 101, ""休闲娱乐"": 23, ""公司企业"": 81, ""医疗保健"": 54, ""商务住宅"": 110, ""旅游景点"": 7, ""汽车相关"": 32, ""生活服务"": 341, ""科教文化"": 84, ""购物消费"": 389, ""运动健身"": 25, ""酒店住宿"": 48, ""金融机构"": 25, ""餐饮美食"": 300 }"
41,B00156D3I9,海阳新村,上海市浦东新区浦东海阳路598弄、灵岩南路380弄、长清路937弄、长清路967弄、灵岩南路410弄,121.494302,31.153115,28.1,16.05,26.016666666666666,9267.5,3.152255703398285,"{ ""交通设施"": 148, ""休闲娱乐"": 19, ""公司企业"": 192, ""医疗保健"": 64, ""商务住宅"": 154, ""旅游景点"": 9, ""汽车相关"": 58, ""生活服务"": 384, ""科教文化"": 85, ""购物消费"": 479, ""运动健身"": 45, ""酒店住宿"": 32, ""金融机构"": 36, ""餐饮美食"": 357 }"
42,B00154DNFO,锦翠苑(上浦路),上海市浦东新区上浦路329弄之1-32号,121.495493,31.147085,26.383333333333333,10.566666666666666,22.816666666666663,2750.0,3.0117512090863867,"{ ""交通设施"": 89, ""休闲娱乐"": 9, ""公司企业"": 87, ""医疗保健"": 46, ""商务住宅"": 92, ""旅游景点"": 4, ""汽车相关"": 46, ""生活服务"": 327, ""科教文化"": 48, ""购物消费"": 307, ""运动健身"": 18, ""酒店住宿"": 16, ""金融机构"": 9, ""餐饮美食"": 202 }"
43,B00155AVX8,品翠苑,上海市浦东新区南林路584弄之1-45号,121.521948,31.137435,73.7,22.6,41.3,7765.3125,3.0634866762802497,"{ ""交通设施"": 98, ""休闲娱乐"": 27, ""公司企业"": 43, ""医疗保健"": 41, ""商务住宅"": 50, ""旅游景点"": 6, ""汽车相关"": 36, ""生活服务"": 233, ""科教文化"": 69, ""购物消费"": 325, ""运动健身"": 23, ""酒店住宿"": 15, ""金融机构"": 14, ""餐饮美食"": 205 }"
44,B00155KP9R,上南兰庭苑,上海市浦东新区上南路4185弄之1-80号,121.513061,31.146818,49.3,16.166666666666668,28.95,8937.5,3.0604696285377946,"{ ""交通设施"": 117, ""休闲娱乐"": 14, ""公司企业"": 78, ""医疗保健"": 46, ""商务住宅"": 90, ""旅游景点"": 1, ""汽车相关"": 29, ""生活服务"": 235, ""科教文化"": 41, ""购物消费"": 319, ""运动健身"": 13, ""酒店住宿"": 34, ""金融机构"": 10, ""餐饮美食"": 203 }"
45,B00155QXWK,浦江智汇园,上海市闵行区联航路1399弄1-35号,121.521098,31.076219,136.78333333333333,36.21666666666667,49.18333333333333,17652.4425,2.979231051481072,"{ ""交通设施"": 117, ""休闲娱乐"": 17, ""公司企业"": 626, ""医疗保健"": 20, ""商务住宅"": 113, ""旅游景点"": 3, ""汽车相关"": 187, ""生活服务"": 156, ""科教文化"": 51, ""购物消费"": 308, ""运动健身"": 28, ""酒店住宿"": 41, ""金融机构"": 17, ""餐饮美食"": 281 }"
46,B001546E7F,上钢五村,上海市浦东新区昌里路357-1号附近,121.489999,31.174035,47.9,16.683333333333334,28.416666666666668,3025.0,3.2739932412575223,"{ ""交通设施"": 105, ""休闲娱乐"": 8, ""公司企业"": 114, ""医疗保健"": 43, ""商务住宅"": 105, ""旅游景点"": 5, ""汽车相关"": 13, ""生活服务"": 171, ""科教文化"": 52, ""购物消费"": 206, ""运动健身"": 15, ""酒店住宿"": 25, ""金融机构"": 50, ""餐饮美食"": 157 }"
47,B00155LGDX,品华苑,上海市浦东新区环林西路608弄之1-88号,121.520791,31.140239,64.3,18.7,38.28333333333333,11039.4625,3.128917251218891,"{ ""交通设施"": 129, ""休闲娱乐"": 28, ""公司企业"": 54, ""医疗保健"": 63, ""商务住宅"": 69, ""旅游景点"": 6, ""汽车相关"": 40, ""生活服务"": 291, ""科教文化"": 88, ""购物消费"": 345, ""运动健身"": 29, ""酒店住宿"": 16, ""金融机构"": 24, ""餐饮美食"": 234 }"
48,B00156EK6L,浦发御园,上海市浦东新区西泰林路480弄1-50号,121.534231,31.147075,82.58333333333333,21.3,35.55,10398.1625,3.114366234649837,"{ ""交通设施"": 104, ""休闲娱乐"": 17, ""公司企业"": 39, ""医疗保健"": 38, ""商务住宅"": 43, ""旅游景点"": 2, ""汽车相关"": 34, ""生活服务"": 225, ""科教文化"": 66, ""购物消费"": 228, ""运动健身"": 29, ""酒店住宿"": 13, ""金融机构"": 16, ""餐饮美食"": 195 }"
49,B00155L3ZT,华业翠都,上海市浦东新区齐河路909弄1-6号,121.515437,31.18469,87.33333333333333,26.83333333333333,46.13333333333333,2200.0,3.320304092270708,"{ ""交通设施"": 148, ""休闲娱乐"": 15, ""公司企业"": 111, ""医疗保健"": 37, ""商务住宅"": 110, ""旅游景点"": 3, ""汽车相关"": 62, ""生活服务"": 236, ""科教文化"": 70, ""购物消费"": 178, ""运动健身"": 45, ""酒店住宿"": 17, ""金融机构"": 16, ""餐饮美食"": 135 }"
50,B00155KPAV,新里城和合苑,上海市浦东新区杨高南路4501弄57号,121.526468,31.158242,70.03333333333333,25.0,40.31666666666667,14616.25,3.213681075688024,"{ ""交通设施"": 78, ""休闲娱乐"": 10, ""公司企业"": 52, ""医疗保健"": 11, ""商务住宅"": 26, ""旅游景点"": 1, ""汽车相关"": 21, ""生活服务"": 77, ""科教文化"": 36, ""购物消费"": 104, ""运动健身"": 13, ""酒店住宿"": 8, ""金融机构"": 4, ""餐饮美食"": 26 }"
51,B00156DG3R,浦发博园,上海市浦东新区御桥路269弄1-130号,121.534959,31.151137,78.8,22.1,31.0,11730.675,3.157683936332096,"{ ""交通设施"": 90, ""休闲娱乐"": 5, ""公司企业"": 42, ""医疗保健"": 25, ""商务住宅"": 34, ""旅游景点"": 2, ""汽车相关"": 31, ""生活服务"": 188, ""科教文化"": 56, ""购物消费"": 100, ""运动健身"": 19, ""酒店住宿"": 8, ""金融机构"": 9, ""餐饮美食"": 102 }"
52,B001548E52,凌兆佳苑,上海市浦东新区长清路1658弄之1-20号,121.493988,31.146803,23.7,9.55,20.616666666666667,6875.0,3.019460671299921,"{ ""交通设施"": 79, ""休闲娱乐"": 5, ""公司企业"": 92, ""医疗保健"": 29, ""商务住宅"": 67, ""旅游景点"": 4, ""汽车相关"": 37, ""生活服务"": 265, ""科教文化"": 40, ""购物消费"": 271, ""运动健身"": 17, ""酒店住宿"": 14, ""金融机构"": 15, ""餐饮美食"": 169 }"
53,B00155L48L,翠竹苑(环林西路),上海市浦东新区永泰路775弄之1-119号,121.519439,31.142046,63.68333333333333,18.53333333333333,39.13333333333333,13750.0,3.157909197504954,"{ ""交通设施"": 118, ""休闲娱乐"": 19, ""公司企业"": 49, ""医疗保健"": 60, ""商务住宅"": 73, ""旅游景点"": 5, ""汽车相关"": 30, ""生活服务"": 269, ""科教文化"": 78, ""购物消费"": 285, ""运动健身"": 29, ""酒店住宿"": 19, ""金融机构"": 20, ""餐饮美食"": 180 }"
54,B00155GYYG,上钢七村,上海市浦东新区耀华路414弄1-19号,121.487267,31.172613,48.333333333333336,18.03333333333333,27.33333333333333,2887.5,3.200809581014238,"{ ""交通设施"": 92, ""休闲娱乐"": 7, ""公司企业"": 112, ""医疗保健"": 35, ""商务住宅"": 113, ""旅游景点"": 5, ""汽车相关"": 16, ""生活服务"": 193, ""科教文化"": 35, ""购物消费"": 187, ""运动健身"": 8, ""酒店住宿"": 18, ""金融机构"": 40, ""餐饮美食"": 137 }"
55,B00154DGTF,岭南苑(凌兆路),上海市浦东新区凌兆路99弄之1-65号,121.492433,31.142466,27.366666666666667,14.15,27.066666666666663,22000.0,3.0652012238331623,"{ ""交通设施"": 76, ""休闲娱乐"": 5, ""公司企业"": 91, ""医疗保健"": 29, ""商务住宅"": 64, ""旅游景点"": 2, ""汽车相关"": 40, ""生活服务"": 258, ""科教文化"": 47, ""购物消费"": 232, ""运动健身"": 23, ""酒店住宿"": 21, ""金融机构"": 8, ""餐饮美食"": 181 }"
56,B00155L4HJ,上河苑(杨新路),上海市浦东新区杨新路282弄1-47号,121.487476,31.162258,27.933333333333334,12.45,33.233333333333334,7601.6875,3.235461259655673,"{ ""交通设施"": 81, ""休闲娱乐"": 7, ""公司企业"": 104, ""医疗保健"": 30, ""商务住宅"": 115, ""旅游景点"": 6, ""汽车相关"": 17, ""生活服务"": 199, ""科教文化"": 64, ""购物消费"": 160, ""运动健身"": 21, ""酒店住宿"": 14, ""金融机构"": 19, ""餐饮美食"": 122 }"
57,B0FFH8HP0Y,中房晶华,上海市浦东新区东明路2600号,121.521875,31.146706,62.266666666666666,18.2,20.616666666666667,4949.0375,3.2514127094794665,"{ ""交通设施"": 93, ""休闲娱乐"": 5, ""公司企业"": 35, ""医疗保健"": 38, ""商务住宅"": 37, ""旅游景点"": 4, ""汽车相关"": 33, ""生活服务"": 156, ""科教文化"": 63, ""购物消费"": 127, ""运动健身"": 26, ""酒店住宿"": 9, ""金融机构"": 8, ""餐饮美食"": 69 }"
58,B00155L43C,云莲苑,上海市浦东新区云莲路405弄之1-23号,121.507186,31.17765,68.96666666666667,23.616666666666667,37.53333333333333,9350.0,3.264090037820979,"{ ""交通设施"": 149, ""休闲娱乐"": 20, ""公司企业"": 58, ""医疗保健"": 62, ""商务住宅"": 90, ""旅游景点"": 5, ""汽车相关"": 35, ""生活服务"": 270, ""科教文化"": 85, ""购物消费"": 302, ""运动健身"": 58, ""酒店住宿"": 29, ""金融机构"": 41, ""餐饮美食"": 215 }"
59,B00155KPBM,都林嘉苑北园,上海市浦东新区杨南路1139弄之1-20号,121.510087,31.153438,42.25,17.583333333333332,28.45,6875.0,3.0012642751011107,"{ ""交通设施"": 145, ""休闲娱乐"": 37, ""公司企业"": 91, ""医疗保健"": 62, ""商务住宅"": 110, ""旅游景点"": 4, ""汽车相关"": 66, ""生活服务"": 328, ""科教文化"": 43, ""购物消费"": 566, ""运动健身"": 29, ""酒店住宿"": 38, ""金融机构"": 18, ""餐饮美食"": 348 }"
60,B0FFG0MPJI,永康城玉兰苑,上海市闵行区闸航路4398弄,121.499504,31.021862,221.06666666666663,60.766666666666666,83.68333333333334,10735.8625,3.0779755260142907,"{ ""交通设施"": 10, ""公司企业"": 11, ""医疗保健"": 3, ""商务住宅"": 6, ""汽车相关"": 18, ""生活服务"": 13, ""科教文化"": 4, ""购物消费"": 6, ""金融机构"": 2, ""餐饮美食"": 8 }"
61,B0FFG6PRPV,永康城丹桂苑,上海市闵行区永恩路80弄,121.50144,31.022993,215.5,53.5,77.01666666666667,8524.5875,2.9562501132500816,"{ ""交通设施"": 13, ""公司企业"": 11, ""医疗保健"": 3, ""商务住宅"": 8, ""汽车相关"": 26, ""生活服务"": 20, ""科教文化"": 5, ""购物消费"": 10, ""金融机构"": 2, ""餐饮美食"": 30 }"
62,B00155FIJA,绿茵苑(杨南路),上海市浦东新区杨南路694弄之1-88号,121.501382,31.149961,32.083333333333336,12.266666666666667,27.916666666666668,5500.0,2.9624005601788657,"{ ""交通设施"": 139, ""休闲娱乐"": 25, ""公司企业"": 129, ""医疗保健"": 85, ""商务住宅"": 162, ""旅游景点"": 5, ""汽车相关"": 67, ""生活服务"": 499, ""科教文化"": 64, ""购物消费"": 684, ""运动健身"": 28, ""酒店住宿"": 50, ""金融机构"": 23, ""餐饮美食"": 429 }"
63,B0FFF0028T,鹏欣·壹品别墅,上海市闵行区芦恒路378弄1-220号,121.488539,31.115041,76.93333333333334,21.28333333333333,44.68333333333333,5675.175,3.084982901564851,"{ ""交通设施"": 19, ""休闲娱乐"": 3, ""公司企业"": 63, ""医疗保健"": 10, ""商务住宅"": 19, ""汽车相关"": 14, ""生活服务"": 46, ""科教文化"": 18, ""购物消费"": 40, ""运动健身"": 7, ""酒店住宿"": 1, ""餐饮美食"": 57 }"
64,B00156LUE9,合生前滩1号,上海市浦东新区三林镇西营南路海阳路,121.489373,31.152055,28.616666666666667,11.183333333333334,27.83333333333333,13943.05,3.117609213922968,"{ ""交通设施"": 92, ""休闲娱乐"": 12, ""公司企业"": 140, ""医疗保健"": 27, ""商务住宅"": 92, ""旅游景点"": 3, ""汽车相关"": 32, ""生活服务"": 227, ""科教文化"": 52, ""购物消费"": 346, ""运动健身"": 53, ""酒店住宿"": 16, ""金融机构"": 30, ""餐饮美食"": 233 }"
65,B00155HXDL,纯翠苑,上海市浦东新区杨南路797弄27-2号,121.502172,31.152365,34.3,17.1,27.05,3025.0,2.9769646034204404,"{ ""交通设施"": 170, ""休闲娱乐"": 32, ""公司企业"": 138, ""医疗保健"": 79, ""商务住宅"": 164, ""旅游景点"": 6, ""汽车相关"": 74, ""生活服务"": 527, ""科教文化"": 73, ""购物消费"": 746, ""运动健身"": 37, ""酒店住宿"": 57, ""金融机构"": 28, ""餐饮美食"": 501 }"
66,B001531821,昌里雅苑,上海市浦东新区东明路511弄之1-10号,121.511181,31.180584,76.3,23.53333333333333,37.55,4125.0,3.313328863056789,"{ ""交通设施"": 145, ""休闲娱乐"": 13, ""公司企业"": 113, ""医疗保健"": 62, ""商务住宅"": 96, ""旅游景点"": 2, ""汽车相关"": 64, ""生活服务"": 288, ""科教文化"": 84, ""购物消费"": 258, ""运动健身"": 65, ""酒店住宿"": 19, ""金融机构"": 37, ""餐饮美食"": 177 }"
67,B00156ZFM2,江苑,上海市闵行区浦秀路499弄44号,121.492644,31.079053,118.71666666666668,28.73333333333333,49.06666666666667,18191.25,3.4593017264873978,"{ ""交通设施"": 75, ""休闲娱乐"": 6, ""公司企业"": 40, ""医疗保健"": 27, ""商务住宅"": 24, ""旅游景点"": 9, ""汽车相关"": 28, ""生活服务"": 54, ""科教文化"": 44, ""购物消费"": 90, ""运动健身"": 14, ""酒店住宿"": 58, ""金融机构"": 5, ""餐饮美食"": 59 }"
68,B00155KIR8,上南十村,上海市浦东新区洪山路301弄1-58号,121.502796,31.170657,52.36666666666667,19.766666666666666,29.366666666666667,4400.0,3.046693021468912,"{ ""交通设施"": 164, ""休闲娱乐"": 35, ""公司企业"": 72, ""医疗保健"": 90, ""商务住宅"": 140, ""旅游景点"": 11, ""汽车相关"": 33, ""生活服务"": 382, ""科教文化"": 112, ""购物消费"": 597, ""运动健身"": 31, ""酒店住宿"": 44, ""金融机构"": 38, ""餐饮美食"": 442 }"
69,B00155IMWZ,明珠花苑,上海市浦东新区西营路62、102、106、118,121.483118,31.16918,40.3,14.3,36.35,42207.275,3.159786895576184,"{ ""交通设施"": 61, ""休闲娱乐"": 5, ""公司企业"": 68, ""医疗保健"": 28, ""商务住宅"": 80, ""旅游景点"": 3, ""汽车相关"": 13, ""生活服务"": 151, ""科教文化"": 23, ""购物消费"": 112, ""运动健身"": 2, ""酒店住宿"": 12, ""金融机构"": 18, ""餐饮美食"": 79 }"
70,B001558095,世博家园五街坊,上海市闵行区北江燕路228弄(近江月路),121.502424,31.080394,124.68333333333334,33.6,45.78333333333333,3025.0,3.2650321153306288,"{ ""交通设施"": 101, ""休闲娱乐"": 17, ""公司企业"": 27, ""医疗保健"": 37, ""商务住宅"": 37, ""旅游景点"": 10, ""汽车相关"": 41, ""生活服务"": 156, ""科教文化"": 54, ""购物消费"": 211, ""运动健身"": 19, ""酒店住宿"": 47, ""金融机构"": 14, ""餐饮美食"": 146 }"
71,B00155KT71,上南十一村,上海市浦东新区德州路150弄1-77号,121.499113,31.168032,45.833333333333336,17.216666666666665,24.65,6286.225,3.096849773222284,"{ ""交通设施"": 133, ""休闲娱乐"": 27, ""公司企业"": 79, ""医疗保健"": 84, ""商务住宅"": 129, ""旅游景点"": 13, ""汽车相关"": 23, ""生活服务"": 313, ""科教文化"": 93, ""购物消费"": 447, ""运动健身"": 20, ""酒店住宿"": 41, ""金融机构"": 27, ""餐饮美食"": 362 }"
72,B00156VYFK,云台小区,上海市浦东新区云台路80、86、92、98号,121.499325,31.182205,68.63333333333334,21.05,28.116666666666667,6883.9375,3.344883900443869,"{ ""交通设施"": 142, ""休闲娱乐"": 38, ""公司企业"": 106, ""医疗保健"": 20, ""商务住宅"": 63, ""旅游景点"": 25, ""汽车相关"": 34, ""生活服务"": 154, ""科教文化"": 72, ""购物消费"": 286, ""运动健身"": 53, ""酒店住宿"": 19, ""金融机构"": 49, ""餐饮美食"": 208 }"
73,B00155NETU,盛世天地,上海市浦东新区浦东盛苑路800弄461号,121.530882,31.156353,77.21666666666667,18.816666666666663,39.46666666666667,13750.0,2.8584669443725907,"{ ""交通设施"": 100, ""休闲娱乐"": 12, ""公司企业"": 56, ""医疗保健"": 17, ""商务住宅"": 34, ""旅游景点"": 2, ""汽车相关"": 46, ""生活服务"": 249, ""科教文化"": 39, ""购物消费"": 341, ""运动健身"": 16, ""酒店住宿"": 10, ""金融机构"": 8, ""餐饮美食"": 128 }"
74,B00150FA01,美林别墅,上海市浦东新区环林东路491弄541弄1-2号,121.530466,31.146509,72.41666666666667,20.516666666666666,32.266666666666666,4913.198125,3.147313499609104,"{ ""交通设施"": 142, ""休闲娱乐"": 19, ""公司企业"": 37, ""医疗保健"": 46, ""商务住宅"": 58, ""旅游景点"": 5, ""汽车相关"": 40, ""生活服务"": 259, ""科教文化"": 89, ""购物消费"": 267, ""运动健身"": 31, ""酒店住宿"": 15, ""金融机构"": 18, ""餐饮美食"": 183 }"
75,B00155L3LX,中星云庭,上海市浦东新区德州路60弄1-15号,121.502598,31.168886,50.71666666666667,17.65,31.116666666666667,6875.0,3.040159370122797,"{ ""交通设施"": 124, ""休闲娱乐"": 30, ""公司企业"": 65, ""医疗保健"": 82, ""商务住宅"": 111, ""旅游景点"": 8, ""汽车相关"": 27, ""生活服务"": 322, ""科教文化"": 101, ""购物消费"": 487, ""运动健身"": 21, ""酒店住宿"": 42, ""金融机构"": 24, ""餐饮美食"": 376 }"
76,B00155KSR2,明丰花园,上海市浦东新区杨高南路5055弄1-65号,121.53138,31.150612,72.76666666666667,21.8,33.833333333333336,53295.0,3.2164242021526643,"{ ""交通设施"": 95, ""休闲娱乐"": 8, ""公司企业"": 43, ""医疗保健"": 33, ""商务住宅"": 37, ""旅游景点"": 3, ""汽车相关"": 29, ""生活服务"": 181, ""科教文化"": 55, ""购物消费"": 101, ""运动健身"": 20, ""酒店住宿"": 9, ""金融机构"": 10, ""餐饮美食"": 106 }"
77,B0FFG0CXJY,永康城佳兴苑,上海市闵行区永跃路782弄1-22号,121.511183,31.034282,187.2333333333333,54.06666666666667,67.88333333333334,11439.45,3.035883386109241,"{ ""交通设施"": 25, ""休闲娱乐"": 1, ""公司企业"": 15, ""医疗保健"": 3, ""商务住宅"": 14, ""旅游景点"": 1, ""汽车相关"": 35, ""生活服务"": 41, ""科教文化"": 12, ""购物消费"": 25, ""运动健身"": 1, ""酒店住宿"": 1, ""金融机构"": 1, ""餐饮美食"": 52 }"
78,B00155KP58,飞旺家园,上海市浦东新区海阳路815弄之1-22号,121.501723,31.158052,41.71666666666667,17.25,33.416666666666664,4262.5,3.039987371626035,"{ ""交通设施"": 161, ""休闲娱乐"": 30, ""公司企业"": 126, ""医疗保健"": 74, ""商务住宅"": 145, ""旅游景点"": 10, ""汽车相关"": 53, ""生活服务"": 425, ""科教文化"": 82, ""购物消费"": 647, ""运动健身"": 37, ""酒店住宿"": 51, ""金融机构"": 27, ""餐饮美食"": 403 }"
79,B00151AEE8,盛源公寓,上海市浦东新区永泰路1299弄1-52号,121.527719,31.144104,71.78333333333333,20.75,30.35,9009.55,3.070322755104772,"{ ""交通设施"": 132, ""休闲娱乐"": 14, ""公司企业"": 20, ""医疗保健"": 48, ""商务住宅"": 51, ""旅游景点"": 3, ""汽车相关"": 44, ""生活服务"": 245, ""科教文化"": 81, ""购物消费"": 263, ""运动健身"": 25, ""酒店住宿"": 11, ""金融机构"": 13, ""餐饮美食"": 170 }"
80,B00155L4RV,金谊河畔,上海市浦东新区永泰路595弄之1-47号,121.515012,31.141023,56.0,17.966666666666665,29.65,29826.916625,3.1175809851055165,"{ ""交通设施"": 124, ""休闲娱乐"": 26, ""公司企业"": 72, ""医疗保健"": 69, ""商务住宅"": 105, ""旅游景点"": 8, ""汽车相关"": 31, ""生活服务"": 371, ""科教文化"": 100, ""购物消费"": 402, ""运动健身"": 38, ""酒店住宿"": 39, ""金融机构"": 28, ""餐饮美食"": 317 }"
81,B0FFF88CRP,华侨城十号院,上海市闵行区浦驰路1628弄67号,121.4957,31.099927,95.28333333333332,22.066666666666663,62.86666666666667,4219.6,3.171557603603817,"{ ""交通设施"": 19, ""休闲娱乐"": 6, ""公司企业"": 49, ""医疗保健"": 13, ""商务住宅"": 58, ""旅游景点"": 1, ""汽车相关"": 16, ""生活服务"": 80, ""科教文化"": 36, ""购物消费"": 79, ""运动健身"": 16, ""酒店住宿"": 5, ""餐饮美食"": 82 }"
82,B00155L3ZQ,东明家园,上海市浦东新区东明路560弄4号,121.509193,31.179539,74.41666666666667,25.83333333333333,35.85,5816.25,3.355887595442957,"{ ""交通设施"": 147, ""休闲娱乐"": 19, ""公司企业"": 74, ""医疗保健"": 65, ""商务住宅"": 97, ""旅游景点"": 2, ""汽车相关"": 50, ""生活服务"": 259, ""科教文化"": 81, ""购物消费"": 211, ""运动健身"": 63, ""酒店住宿"": 22, ""金融机构"": 39, ""餐饮美食"": 176 }"
83,B00155L3P7,德州五村,上海市浦东新区灵岩路79弄1-25号,121.49544,31.167036,43.15,17.466666666666665,25.966666666666665,3162.5,3.095153892672976,"{ ""交通设施"": 144, ""休闲娱乐"": 21, ""公司企业"": 99, ""医疗保健"": 79, ""商务住宅"": 156, ""旅游景点"": 13, ""汽车相关"": 25, ""生活服务"": 378, ""科教文化"": 109, ""购物消费"": 478, ""运动健身"": 22, ""酒店住宿"": 42, ""金融机构"": 33, ""餐饮美食"": 365 }"
84,B00155IOCF,花苑一村,上海市闵行区谈中路102弄1-27号,121.533108,31.066708,160.36666666666667,42.88333333333333,65.83333333333333,11359.0125,3.0116281387737405,"{ ""交通设施"": 79, ""休闲娱乐"": 22, ""公司企业"": 141, ""医疗保健"": 23, ""商务住宅"": 60, ""旅游景点"": 2, ""汽车相关"": 99, ""生活服务"": 157, ""科教文化"": 23, ""购物消费"": 383, ""运动健身"": 18, ""酒店住宿"": 42, ""金融机构"": 7, ""餐饮美食"": 275 }"
85,B001557433,花苑二村,上海市闵行区谈中路59弄-1-60号,121.534687,31.065634,162.26666666666668,45.06666666666667,60.4,6673.425,2.937331219500868,"{ ""交通设施"": 84, ""休闲娱乐"": 16, ""公司企业"": 86, ""医疗保健"": 27, ""商务住宅"": 47, ""旅游景点"": 2, ""汽车相关"": 59, ""生活服务"": 154, ""科教文化"": 22, ""购物消费"": 378, ""运动健身"": 9, ""酒店住宿"": 41, ""金融机构"": 7, ""餐饮美食"": 231 }"
86,B00156ZFAH,浦发绿城北区,上海市浦东新区浦三路2801弄1-110号,121.538215,31.1551,85.0,22.05,31.28333333333333,20625.0,3.0789230767040503,"{ ""交通设施"": 78, ""休闲娱乐"": 9, ""公司企业"": 40, ""医疗保健"": 18, ""商务住宅"": 31, ""旅游景点"": 3, ""汽车相关"": 31, ""生活服务"": 222, ""科教文化"": 51, ""购物消费"": 87, ""运动健身"": 11, ""酒店住宿"": 9, ""金融机构"": 11, ""餐饮美食"": 102 }"
87,B0FFF0EU0N,浦江颐城-尚院,上海市闵行区浦泉路251弄,121.499896,31.097687,92.85,24.0,42.11666666666667,13750.0,3.1897234015470888,"{ ""交通设施"": 41, ""休闲娱乐"": 18, ""公司企业"": 50, ""医疗保健"": 27, ""商务住宅"": 81, ""旅游景点"": 2, ""汽车相关"": 22, ""生活服务"": 150, ""科教文化"": 58, ""购物消费"": 171, ""运动健身"": 31, ""酒店住宿"": 7, ""金融机构"": 5, ""餐饮美食"": 128 }"
88,B0FFG1J81S,城林雅苑,上海市浦东新区林展路267弄,121.507993,31.12787,59.63333333333333,22.066666666666663,58.81666666666667,19320.4,2.9793282227702558,"{ ""交通设施"": 53, ""休闲娱乐"": 15, ""公司企业"": 34, ""医疗保健"": 27, ""商务住宅"": 52, ""旅游景点"": 4, ""汽车相关"": 36, ""生活服务"": 269, ""科教文化"": 45, ""购物消费"": 142, ""运动健身"": 12, ""酒店住宿"": 18, ""金融机构"": 8, ""餐饮美食"": 220 }"
89,B00155QLM5,雪野二村,上海市浦东新区雪野路34弄,121.497971,31.181498,65.78333333333333,20.9,29.066666666666663,8112.5,3.402297909712762,"{ ""交通设施"": 159, ""休闲娱乐"": 40, ""公司企业"": 140, ""医疗保健"": 30, ""商务住宅"": 86, ""旅游景点"": 28, ""汽车相关"": 40, ""生活服务"": 174, ""科教文化"": 82, ""购物消费"": 302, ""运动健身"": 55, ""酒店住宿"": 27, ""金融机构"": 65, ""餐饮美食"": 223 }"
90,B0FFGXZKIR,晶耀名邸,上海市浦东新区海阳西路268弄,121.476728,31.151874,10.25,4.033333333333333,39.266666666666666,12437.35625,3.1771379402590605,"{ ""交通设施"": 63, ""休闲娱乐"": 8, ""公司企业"": 68, ""医疗保健"": 12, ""商务住宅"": 46, ""旅游景点"": 11, ""汽车相关"": 25, ""生活服务"": 63, ""科教文化"": 39, ""购物消费"": 213, ""运动健身"": 51, ""酒店住宿"": 4, ""金融机构"": 23, ""餐饮美食"": 153 }"
91,B00155LE09,齐七小区,上海市浦东新区邹平路161之1-116号,121.511592,31.178999,74.55,25.766666666666666,35.8,6600.0,3.279842906324816,"{ ""交通设施"": 177, ""休闲娱乐"": 25, ""公司企业"": 116, ""医疗保健"": 70, ""商务住宅"": 121, ""旅游景点"": 2, ""汽车相关"": 63, ""生活服务"": 334, ""科教文化"": 97, ""购物消费"": 349, ""运动健身"": 62, ""酒店住宿"": 26, ""金融机构"": 42, ""餐饮美食"": 238 }"
92,B00155L3ZS,齐二小区,上海市浦东新区南码头路1136、1186弄浦兰路704弄1-12号,121.513057,31.183451,81.36666666666666,24.766666666666666,40.0,4812.5,3.34493445619057,"{ ""交通设施"": 161, ""休闲娱乐"": 14, ""公司企业"": 123, ""医疗保健"": 51, ""商务住宅"": 114, ""旅游景点"": 3, ""汽车相关"": 67, ""生活服务"": 266, ""科教文化"": 85, ""购物消费"": 194, ""运动健身"": 52, ""酒店住宿"": 18, ""金融机构"": 28, ""餐饮美食"": 149 }"
93,B001509286,源城·锦翠苑,上海市浦东新区灵岩南路499弄之1-62号,121.498446,31.15163,28.83333333333333,11.833333333333334,24.6,7109.1625,3.0572934561243508,"{ ""交通设施"": 120, ""休闲娱乐"": 20, ""公司企业"": 116, ""医疗保健"": 69, ""商务住宅"": 131, ""旅游景点"": 7, ""汽车相关"": 64, ""生活服务"": 424, ""科教文化"": 66, ""购物消费"": 482, ""运动健身"": 32, ""酒店住宿"": 37, ""金融机构"": 21, ""餐饮美食"": 336 }"
94,B00155LCDX,上南雅筑,上海市浦东新区洪山路851弄1-22号板泉路894号,121.50498,31.160504,48.1,19.183333333333334,42.516666666666666,2480.5,3.1210311952906333,"{ ""交通设施"": 164, ""休闲娱乐"": 41, ""公司企业"": 121, ""医疗保健"": 77, ""商务住宅"": 128, ""旅游景点"": 12, ""汽车相关"": 79, ""生活服务"": 370, ""科教文化"": 90, ""购物消费"": 588, ""运动健身"": 34, ""酒店住宿"": 50, ""金融机构"": 27, ""餐饮美食"": 411 }"
95,B001549096,金苹果花园,上海市浦东新区上南路3500弄28号,121.499775,31.155401,39.833333333333336,18.55,32.21666666666667,15125.0,3.028151469618233,"{ ""交通设施"": 174, ""休闲娱乐"": 29, ""公司企业"": 154, ""医疗保健"": 83, ""商务住宅"": 159, ""旅游景点"": 11, ""汽车相关"": 65, ""生活服务"": 523, ""科教文化"": 95, ""购物消费"": 716, ""运动健身"": 39, ""酒店住宿"": 51, ""金融机构"": 32, ""餐饮美食"": 452 }"
96,B00155FIJ7,上南春天苑,上海市浦东新区杨南路826弄之1-46号,121.504564,31.151095,35.56666666666667,12.466666666666669,25.933333333333334,2676.1625,2.946018739079044,"{ ""交通设施"": 149, ""休闲娱乐"": 24, ""公司企业"": 118, ""医疗保健"": 72, ""商务住宅"": 148, ""旅游景点"": 5, ""汽车相关"": 61, ""生活服务"": 409, ""科教文化"": 49, ""购物消费"": 668, ""运动健身"": 26, ""酒店住宿"": 49, ""金融机构"": 23, ""餐饮美食"": 441 }"
97,B0FFG3WHWX,鹤坡路83弄小区,上海市闵行区鹤坡路83弄,121.529576,31.066238,154.06666666666666,41.85,62.48333333333333,2756.875,3.0437058162430213,"{ ""交通设施"": 71, ""休闲娱乐"": 17, ""公司企业"": 145, ""医疗保健"": 19, ""商务住宅"": 58, ""旅游景点"": 2, ""汽车相关"": 79, ""生活服务"": 152, ""科教文化"": 23, ""购物消费"": 290, ""运动健身"": 18, ""酒店住宿"": 35, ""金融机构"": 7, ""餐饮美食"": 271 }"
98,B0FFF4WMDN,聚缘南庭,上海市闵行区闵驰一路29弄1-22号,121.546334,31.039666,212.28333333333333,47.95,71.33333333333333,7802.85,3.111382633938441,"{ ""交通设施"": 29, ""休闲娱乐"": 8, ""公司企业"": 11, ""医疗保健"": 12, ""商务住宅"": 29, ""旅游景点"": 1, ""汽车相关"": 15, ""生活服务"": 83, ""科教文化"": 24, ""购物消费"": 71, ""运动健身"": 8, ""酒店住宿"": 2, ""金融机构"": 1, ""餐饮美食"": 46 }"
99,B0FFFRL1UU,滨浦新苑九村,上海市闵行区江汉路751弄,121.492289,31.062839,140.23333333333332,43.083333333333336,72.83333333333333,15161.575,3.311299370042529,"{ ""交通设施"": 17, ""休闲娱乐"": 3, ""公司企业"": 11, ""医疗保健"": 1, ""商务住宅"": 13, ""旅游景点"": 23, ""汽车相关"": 9, ""生活服务"": 21, ""科教文化"": 1, ""购物消费"": 15, ""运动健身"": 3, ""酒店住宿"": 5, ""餐饮美食"": 15 }"
100,B00153C966,华光苑,上海市浦东新区凌兆路88弄之1-39号,121.4915,31.140258,25.016666666666666,13.833333333333334,24.25,5087.5,3.051534739484043,"{ ""交通设施"": 39, ""休闲娱乐"": 3, ""公司企业"": 35, ""医疗保健"": 12, ""商务住宅"": 30, ""旅游景点"": 2, ""汽车相关"": 22, ""生活服务"": 109, ""科教文化"": 20, ""购物消费"": 101, ""运动健身"": 9, ""酒店住宿"": 5, ""餐饮美食"": 54 }"
101,B00155L3NL,联城花苑,上海市浦东新区耀华路555弄1-18号,121.480559,31.174021,44.13333333333333,17.583333333333332,40.55,2750.0,3.348519328146746,"{ ""交通设施"": 52, ""休闲娱乐"": 4, ""公司企业"": 68, ""医疗保健"": 20, ""商务住宅"": 47, ""旅游景点"": 13, ""汽车相关"": 11, ""生活服务"": 74, ""科教文化"": 14, ""购物消费"": 35, ""运动健身"": 5, ""酒店住宿"": 8, ""金融机构"": 11, ""餐饮美食"": 33 }"
102,B00155LC7F,凌兆一村,上海市浦东新区上浦路565弄1-23号,121.500633,31.147223,30.116666666666667,11.483333333333333,24.866666666666667,24750.0,2.972516598406749,"{ ""交通设施"": 102, ""休闲娱乐"": 13, ""公司企业"": 82, ""医疗保健"": 57, ""商务住宅"": 120, ""旅游景点"": 3, ""汽车相关"": 45, ""生活服务"": 430, ""科教文化"": 55, ""购物消费"": 374, ""运动健身"": 22, ""酒店住宿"": 27, ""金融机构"": 11, ""餐饮美食"": 238 }"
103,B001559QDW,翰城国际,上海市浦东新区云台路1000弄之1-39号,121.509711,31.154979,50.13333333333333,19.55,32.38333333333333,16061.1,2.998518101552646,"{ ""交通设施"": 186, ""休闲娱乐"": 39, ""公司企业"": 95, ""医疗保健"": 71, ""商务住宅"": 118, ""旅游景点"": 5, ""汽车相关"": 67, ""生活服务"": 375, ""科教文化"": 63, ""购物消费"": 652, ""运动健身"": 34, ""酒店住宿"": 49, ""金融机构"": 24, ""餐饮美食"": 444 }"
104,B0FFGD1COX,永康城盛华园,上海市闵行区鲁康路1198弄1-14号,121.503288,31.031521,199.53333333333333,49.95,75.38333333333334,7596.7375,2.951016395061133,"{ ""交通设施"": 17, ""公司企业"": 10, ""医疗保健"": 3, ""商务住宅"": 13, ""汽车相关"": 35, ""生活服务"": 28, ""科教文化"": 7, ""购物消费"": 18, ""运动健身"": 1, ""金融机构"": 1, ""餐饮美食"": 38 }"
105,B00155L3ZV,紫竹馨苑,上海市浦东新区南码头路1378弄,121.514159,31.17992,81.48333333333333,25.28333333333333,43.98333333333333,4910.125,3.263232066612637,"{ ""交通设施"": 170, ""休闲娱乐"": 16, ""公司企业"": 112, ""医疗保健"": 64, ""商务住宅"": 107, ""旅游景点"": 2, ""汽车相关"": 59, ""生活服务"": 321, ""科教文化"": 79, ""购物消费"": 287, ""运动健身"": 49, ""酒店住宿"": 22, ""金融机构"": 36, ""餐饮美食"": 195 }"
106,B00155L4HK,梅山苑(西营南路),上海市浦东新区西营南路18弄1-57号,121.487789,31.16025,24.016666666666666,11.8,28.966666666666665,4950.0,3.230491705716543,"{ ""交通设施"": 75, ""休闲娱乐"": 5, ""公司企业"": 97, ""医疗保健"": 15, ""商务住宅"": 94, ""旅游景点"": 6, ""汽车相关"": 16, ""生活服务"": 158, ""科教文化"": 59, ""购物消费"": 147, ""运动健身"": 34, ""酒店住宿"": 8, ""金融机构"": 14, ""餐饮美食"": 115 }"
107,B00155L4SL,昌七小区,上海市浦东新区南码头路1675弄之1-59号,121.515997,31.174972,73.96666666666667,24.75,33.81666666666667,11687.5,3.137613693766988,"{ ""交通设施"": 174, ""休闲娱乐"": 25, ""公司企业"": 79, ""医疗保健"": 63, ""商务住宅"": 143, ""旅游景点"": 1, ""汽车相关"": 42, ""生活服务"": 373, ""科教文化"": 84, ""购物消费"": 422, ""运动健身"": 42, ""酒店住宿"": 24, ""金融机构"": 41, ""餐饮美食"": 220 }"
108,B00155LC1H,世华锦城,上海市浦东新区三林镇板泉路951号,121.500311,31.161565,44.61666666666667,18.216666666666665,32.43333333333333,27500.0,3.0787498715448374,"{ ""交通设施"": 183, ""休闲娱乐"": 32, ""公司企业"": 127, ""医疗保健"": 81, ""商务住宅"": 162, ""旅游景点"": 16, ""汽车相关"": 59, ""生活服务"": 459, ""科教文化"": 100, ""购物消费"": 622, ""运动健身"": 38, ""酒店住宿"": 48, ""金融机构"": 29, ""餐饮美食"": 466 }"
109,B0FFG29E93,宝华源墅,上海市闵行区宝华源墅5588弄93号,121.511336,31.117739,73.2,26.4,46.31666666666667,14712.5,2.985112037026504,"{ ""交通设施"": 77, ""休闲娱乐"": 7, ""公司企业"": 41, ""医疗保健"": 14, ""商务住宅"": 37, ""旅游景点"": 2, ""汽车相关"": 47, ""生活服务"": 233, ""科教文化"": 46, ""购物消费"": 134, ""运动健身"": 11, ""酒店住宿"": 12, ""金融机构"": 9, ""餐饮美食"": 195 }"
110,B0FFF3C4B1,浦润苑,上海市闵行区浦航路718弄,121.532794,31.042343,194.86666666666667,53.7,55.266666666666666,23925.0,3.086438610589995,"{ ""交通设施"": 38, ""休闲娱乐"": 5, ""公司企业"": 6, ""医疗保健"": 5, ""商务住宅"": 21, ""旅游景点"": 2, ""汽车相关"": 6, ""生活服务"": 64, ""科教文化"": 18, ""购物消费"": 39, ""运动健身"": 4, ""酒店住宿"": 5, ""金融机构"": 1, ""餐饮美食"": 39 }"
111,B00155MPE0,万科·金色公馆,上海市浦东新区济阳路333弄1-11号,121.483413,31.161458,23.816666666666663,11.183333333333334,28.716666666666665,2200.0,3.2046165112010714,"{ ""交通设施"": 50, ""休闲娱乐"": 5, ""公司企业"": 71, ""医疗保健"": 16, ""商务住宅"": 72, ""旅游景点"": 2, ""汽车相关"": 11, ""生活服务"": 124, ""科教文化"": 26, ""购物消费"": 102, ""运动健身"": 25, ""酒店住宿"": 5, ""金融机构"": 12, ""餐饮美食"": 85 }"
112,B00155LCD4,万科金色雅筑,上海市浦东新区三林路1300弄之1-63号,121.518117,31.14382,56.9,18.95,27.75,11962.5,3.2027469355888925,"{ ""交通设施"": 117, ""休闲娱乐"": 20, ""公司企业"": 55, ""医疗保健"": 60, ""商务住宅"": 76, ""旅游景点"": 5, ""汽车相关"": 29, ""生活服务"": 236, ""科教文化"": 73, ""购物消费"": 275, ""运动健身"": 29, ""酒店住宿"": 21, ""金融机构"": 19, ""餐饮美食"": 171 }"
113,B00155L89C,成发苑,上海市浦东新区后长街78号,121.496703,31.162916,35.31666666666667,14.066666666666666,22.916666666666668,2062.5,3.154054670818456,"{ ""交通设施"": 122, ""休闲娱乐"": 26, ""公司企业"": 86, ""医疗保健"": 48, ""商务住宅"": 103, ""旅游景点"": 12, ""汽车相关"": 20, ""生活服务"": 286, ""科教文化"": 84, ""购物消费"": 343, ""运动健身"": 26, ""酒店住宿"": 33, ""金融机构"": 25, ""餐饮美食"": 273 }"
114,B00155L4PU,洪山花苑,上海市浦东新区洪山路300弄1-22号,121.50013,31.170498,48.63333333333333,17.916666666666668,25.183333333333334,2887.5,3.079777837520701,"{ ""交通设施"": 140, ""休闲娱乐"": 26, ""公司企业"": 70, ""医疗保健"": 84, ""商务住宅"": 124, ""旅游景点"": 10, ""汽车相关"": 28, ""生活服务"": 328, ""科教文化"": 86, ""购物消费"": 463, ""运动健身"": 24, ""酒店住宿"": 43, ""金融机构"": 31, ""餐饮美食"": 377 }"
115,B00154DH7D,博文园,上海市浦东新区浦东南路3905弄之1-36号,121.502349,31.182954,70.66666666666667,21.666666666666668,29.866666666666667,2475.0,3.314547603687599,"{ ""交通设施"": 163, ""休闲娱乐"": 37, ""公司企业"": 79, ""医疗保健"": 31, ""商务住宅"": 59, ""旅游景点"": 22, ""汽车相关"": 51, ""生活服务"": 182, ""科教文化"": 70, ""购物消费"": 299, ""运动健身"": 69, ""酒店住宿"": 18, ""金融机构"": 29, ""餐饮美食"": 226 }"
116,B00155L418,新昌里,上海市浦东新区昌里东路320弄之1-34号,121.511092,31.175775,73.53333333333333,25.23333333333333,34.71666666666667,6600.0,3.2029496985945287,"{ ""交通设施"": 174, ""休闲娱乐"": 27, ""公司企业"": 69, ""医疗保健"": 72, ""商务住宅"": 120, ""旅游景点"": 2, ""汽车相关"": 49, ""生活服务"": 348, ""科教文化"": 93, ""购物消费"": 393, ""运动健身"": 53, ""酒店住宿"": 28, ""金融机构"": 45, ""餐饮美食"": 249 }"
117,B00156NR6T,旭辉·浦江国际,上海市闵行区联航路1650号,121.513842,31.077334,125.65,33.36666666666667,40.68333333333333,17918.5875,3.0297324170882804,"{ ""交通设施"": 112, ""休闲娱乐"": 22, ""公司企业"": 409, ""医疗保健"": 34, ""商务住宅"": 76, ""旅游景点"": 3, ""汽车相关"": 116, ""生活服务"": 241, ""科教文化"": 56, ""购物消费"": 454, ""运动健身"": 21, ""酒店住宿"": 33, ""金融机构"": 20, ""餐饮美食"": 299 }"
118,B00155L3NH,上南花城,上海市浦东新区耀华路85弄之1-10号、87弄,121.489735,31.178488,56.7,21.55,30.133333333333333,31625.0,3.355658786154873,"{ ""交通设施"": 161, ""休闲娱乐"": 37, ""公司企业"": 144, ""医疗保健"": 22, ""商务住宅"": 92, ""旅游景点"": 34, ""汽车相关"": 35, ""生活服务"": 170, ""科教文化"": 78, ""购物消费"": 298, ""运动健身"": 33, ""酒店住宿"": 21, ""金融机构"": 55, ""餐饮美食"": 204 }"
119,B00155Q424,翡翠别墅(浦锦路),上海市闵行区浦秀北路55弄27号,121.48528,31.10658,77.43333333333334,20.53333333333333,55.766666666666666,8250.0,3.016501045279496,"{ ""交通设施"": 33, ""休闲娱乐"": 5, ""公司企业"": 97, ""医疗保健"": 9, ""商务住宅"": 20, ""旅游景点"": 2, ""汽车相关"": 18, ""生活服务"": 55, ""科教文化"": 26, ""购物消费"": 53, ""运动健身"": 4, ""酒店住宿"": 1, ""餐饮美食"": 86 }"
120,B00155KRZN,昌里花园,上海市浦东新区昌里东路71弄之1号-17号,121.505087,31.177649,66.66666666666667,24.28333333333333,35.13333333333333,13750.0,3.208421638640772,"{ ""交通设施"": 197, ""休闲娱乐"": 42, ""公司企业"": 72, ""医疗保健"": 68, ""商务住宅"": 96, ""旅游景点"": 13, ""汽车相关"": 42, ""生活服务"": 339, ""科教文化"": 113, ""购物消费"": 478, ""运动健身"": 75, ""酒店住宿"": 37, ""金融机构"": 49, ""餐饮美食"": 332 }"
121,B0015364B8,华丰佳园,上海市浦东新区上南路3333弄之1-23号,121.50199,31.159655,44.333333333333336,18.33333333333333,32.416666666666664,13750.0,3.11454614871188,"{ ""交通设施"": 153, ""休闲娱乐"": 28, ""公司企业"": 122, ""医疗保健"": 75, ""商务住宅"": 135, ""旅游景点"": 12, ""汽车相关"": 56, ""生活服务"": 392, ""科教文化"": 87, ""购物消费"": 528, ""运动健身"": 34, ""酒店住宿"": 48, ""金融机构"": 27, ""餐饮美食"": 380 }"
122,B00155DT3N,德州六村(灵岩路),上海市浦东新区灵岩路56弄1-68号,121.491807,31.166493,41.03333333333333,15.6,31.23333333333333,3437.5,3.1345074989466286,"{ ""交通设施"": 135, ""休闲娱乐"": 17, ""公司企业"": 104, ""医疗保健"": 64, ""商务住宅"": 156, ""旅游景点"": 12, ""汽车相关"": 28, ""生活服务"": 332, ""科教文化"": 94, ""购物消费"": 391, ""运动健身"": 20, ""酒店住宿"": 34, ""金融机构"": 30, ""餐饮美食"": 315 }"
123,B00151B2F9,济阳一村,上海市浦东新区德州路420弄1-72号,121.483052,31.164999,34.81666666666667,11.433333333333334,40.06666666666667,16278.7625,3.212411756067824,"{ ""交通设施"": 58, ""休闲娱乐"": 8, ""公司企业"": 78, ""医疗保健"": 24, ""商务住宅"": 91, ""旅游景点"": 4, ""汽车相关"": 16, ""生活服务"": 161, ""科教文化"": 27, ""购物消费"": 119, ""运动健身"": 10, ""酒店住宿"": 12, ""金融机构"": 19, ""餐饮美食"": 87 }"
124,B00150BD4F,叠翠苑,上海市浦东新区杨南路689弄之16-40号,121.500226,31.152471,34.43333333333333,12.35,30.416666666666668,2956.25,3.004026949270975,"{ ""交通设施"": 143, ""休闲娱乐"": 24, ""公司企业"": 118, ""医疗保健"": 74, ""商务住宅"": 152, ""旅游景点"": 7, ""汽车相关"": 67, ""生活服务"": 474, ""科教文化"": 69, ""购物消费"": 638, ""运动健身"": 35, ""酒店住宿"": 46, ""金融机构"": 25, ""餐饮美食"": 372 }"
125,B00154DUR9,桃李家园(板泉路),上海市浦东新区上南路1000弄甲,121.507581,31.161064,49.95,21.1,36.9,16500.0,3.1353999318971595,"{ ""交通设施"": 144, ""休闲娱乐"": 37, ""公司企业"": 85, ""医疗保健"": 74, ""商务住宅"": 94, ""旅游景点"": 10, ""汽车相关"": 72, ""生活服务"": 302, ""科教文化"": 72, ""购物消费"": 509, ""运动健身"": 33, ""酒店住宿"": 43, ""金融机构"": 25, ""餐饮美食"": 308 }"
126,B00155I229,吉利名苑,上海市浦东新区海阳路841号,121.507614,31.159799,50.16666666666666,20.58333333333333,35.31666666666667,7008.375,3.0731852868142653,"{ ""交通设施"": 165, ""休闲娱乐"": 43, ""公司企业"": 107, ""医疗保健"": 73, ""商务住宅"": 100, ""旅游景点"": 11, ""汽车相关"": 76, ""生活服务"": 350, ""科教文化"": 72, ""购物消费"": 623, ""运动健身"": 35, ""酒店住宿"": 57, ""金融机构"": 28, ""餐饮美食"": 415 }"
127,B00155L7UA,上南九村,上海市浦东新区成山路248弄1-76号,121.49827,31.170869,48.81666666666667,18.416666666666668,21.883333333333333,4125.0,3.108845398225724,"{ ""交通设施"": 158, ""休闲娱乐"": 30, ""公司企业"": 91, ""医疗保健"": 90, ""商务住宅"": 147, ""旅游景点"": 12, ""汽车相关"": 31, ""生活服务"": 356, ""科教文化"": 96, ""购物消费"": 494, ""运动健身"": 24, ""酒店住宿"": 49, ""金融机构"": 32, ""餐饮美食"": 402 }"
128,B00156CQA7,上南一村,上海市浦东新区周家渡,121.497203,31.177879,58.91666666666666,22.133333333333333,26.05,2887.5,3.2294270762723114,"{ ""交通设施"": 184, ""休闲娱乐"": 47, ""公司企业"": 140, ""医疗保健"": 58, ""商务住宅"": 112, ""旅游景点"": 20, ""汽车相关"": 36, ""生活服务"": 265, ""科教文化"": 98, ""购物消费"": 512, ""运动健身"": 52, ""酒店住宿"": 29, ""金融机构"": 79, ""餐饮美食"": 359 }"
129,B00155L419,轻工六里小区,上海市浦东新区浦三路786弄之1-36号,121.517995,31.183132,87.9,29.7,45.93333333333333,2750.0,3.225287689249896,"{ ""交通设施"": 143, ""休闲娱乐"": 15, ""公司企业"": 105, ""医疗保健"": 39, ""商务住宅"": 135, ""旅游景点"": 6, ""汽车相关"": 58, ""生活服务"": 303, ""科教文化"": 72, ""购物消费"": 290, ""运动健身"": 44, ""酒店住宿"": 23, ""金融机构"": 21, ""餐饮美食"": 206 }"
130,B001545D30,兴荣家园,上海市浦东新区浦三路858弄之1-15号,121.518572,31.181771,85.71666666666667,30.45,47.48333333333333,15188.292625,3.222121684009972,"{ ""交通设施"": 144, ""休闲娱乐"": 18, ""公司企业"": 102, ""医疗保健"": 49, ""商务住宅"": 129, ""旅游景点"": 6, ""汽车相关"": 54, ""生活服务"": 319, ""科教文化"": 66, ""购物消费"": 292, ""运动健身"": 40, ""酒店住宿"": 21, ""金融机构"": 25, ""餐饮美食"": 197 }"
131,B00156EFPV,保利·茉莉公馆,上海市闵行区浦江镇浦秀路1536弄,121.488904,31.095667,97.36666666666666,25.616666666666667,60.56666666666667,11636.625,3.244521750808789,"{ ""交通设施"": 39, ""休闲娱乐"": 14, ""公司企业"": 83, ""医疗保健"": 19, ""商务住宅"": 55, ""旅游景点"": 2, ""汽车相关"": 25, ""生活服务"": 105, ""科教文化"": 55, ""购物消费"": 121, ""运动健身"": 17, ""酒店住宿"": 9, ""金融机构"": 2, ""餐饮美食"": 108 }"
132,B00155LG8X,云台二小区,上海市浦东新区昌里东路190弄之1-39号,121.508541,31.174823,66.61666666666666,23.183333333333334,31.1,4702.5,3.1876385206052724,"{ ""交通设施"": 180, ""休闲娱乐"": 25, ""公司企业"": 67, ""医疗保健"": 77, ""商务住宅"": 131, ""旅游景点"": 6, ""汽车相关"": 50, ""生活服务"": 367, ""科教文化"": 103, ""购物消费"": 443, ""运动健身"": 51, ""酒店住宿"": 34, ""金融机构"": 40, ""餐饮美食"": 235 }"
133,B0FFGMEJAY,浦江·意优,上海市闵行区恒南路1111弄,121.513333,31.079465,125.68333333333334,32.016666666666666,44.56666666666667,10081.5,3.035936875141947,"{ ""交通设施"": 98, ""休闲娱乐"": 20, ""公司企业"": 332, ""医疗保健"": 29, ""商务住宅"": 68, ""旅游景点"": 2, ""汽车相关"": 138, ""生活服务"": 221, ""科教文化"": 50, ""购物消费"": 446, ""运动健身"": 17, ""酒店住宿"": 30, ""金融机构"": 20, ""餐饮美食"": 242 }"
134,B00155D3JV,恒大翰城瀚林苑,上海市浦东新区上南路3899弄之1-133号,121.508717,31.15058,39.766666666666666,15.333333333333334,22.166666666666668,16500.0,3.032446126075484,"{ ""交通设施"": 178, ""休闲娱乐"": 29, ""公司企业"": 119, ""医疗保健"": 91, ""商务住宅"": 143, ""旅游景点"": 5, ""汽车相关"": 71, ""生活服务"": 390, ""科教文化"": 50, ""购物消费"": 604, ""运动健身"": 28, ""酒店住宿"": 45, ""金融机构"": 22, ""餐饮美食"": 409 }"
135,B001559197,博爱家园(高科西路),上海市浦东新区东明路355弄之1-70号,121.511803,31.18505,83.51666666666667,24.6,32.18333333333333,16500.0,3.39376281796163,"{ ""交通设施"": 179, ""休闲娱乐"": 16, ""公司企业"": 139, ""医疗保健"": 50, ""商务住宅"": 114, ""旅游景点"": 3, ""汽车相关"": 73, ""生活服务"": 252, ""科教文化"": 78, ""购物消费"": 195, ""运动健身"": 61, ""酒店住宿"": 31, ""金融机构"": 35, ""餐饮美食"": 161 }"
136,B00156CQ5J,上钢八村,上海市浦东新区耀华路414弄1-23号,121.485373,31.171969,45.333333333333336,17.266666666666666,30.23333333333333,2887.5,3.1948800468003253,"{ ""交通设施"": 75, ""休闲娱乐"": 5, ""公司企业"": 67, ""医疗保健"": 26, ""商务住宅"": 84, ""旅游景点"": 5, ""汽车相关"": 15, ""生活服务"": 153, ""科教文化"": 26, ""购物消费"": 113, ""运动健身"": 5, ""酒店住宿"": 16, ""金融机构"": 13, ""餐饮美食"": 89 }"
137,B00155KPBS,杉林新月家园,上海市浦东新区环林东路875弄,121.531605,31.140763,78.11666666666666,20.683333333333334,36.96666666666667,14675.5125,3.0759249501974733,"{ ""交通设施"": 152, ""休闲娱乐"": 18, ""公司企业"": 30, ""医疗保健"": 52, ""商务住宅"": 66, ""旅游景点"": 4, ""汽车相关"": 36, ""生活服务"": 286, ""科教文化"": 90, ""购物消费"": 292, ""运动健身"": 29, ""酒店住宿"": 9, ""金融机构"": 19, ""餐饮美食"": 198 }"
138,B0FFF608X9,聚缘中庭,上海市闵行区闵驰一路50弄,121.545515,31.04152,213.96666666666667,48.73333333333333,72.46666666666667,8993.325,3.13895769582359,"{ ""交通设施"": 33, ""休闲娱乐"": 9, ""公司企业"": 11, ""医疗保健"": 12, ""商务住宅"": 36, ""旅游景点"": 2, ""汽车相关"": 21, ""生活服务"": 91, ""科教文化"": 32, ""购物消费"": 83, ""运动健身"": 9, ""酒店住宿"": 3, ""金融机构"": 1, ""餐饮美食"": 51 }"
139,B0FFF73RIZ,红醍半岛,上海市闵行区江柳路889弄,121.485903,31.098593,87.66666666666667,23.516666666666666,62.66666666666666,12668.0125,3.141521410105939,"{ ""交通设施"": 25, ""休闲娱乐"": 7, ""公司企业"": 72, ""医疗保健"": 8, ""商务住宅"": 24, ""旅游景点"": 2, ""汽车相关"": 14, ""生活服务"": 48, ""科教文化"": 30, ""购物消费"": 53, ""运动健身"": 4, ""酒店住宿"": 1, ""餐饮美食"": 48 }"
140,B00150EA7C,德州四村,上海市浦东新区成山路24弄1-140号,121.486071,31.168335,39.38333333333333,15.166666666666666,36.86666666666667,2475.0,3.1888796904004124,"{ ""交通设施"": 79, ""休闲娱乐"": 9, ""公司企业"": 72, ""医疗保健"": 33, ""商务住宅"": 106, ""旅游景点"": 4, ""汽车相关"": 17, ""生活服务"": 181, ""科教文化"": 35, ""购物消费"": 132, ""运动健身"": 4, ""酒店住宿"": 15, ""金融机构"": 18, ""餐饮美食"": 111 }"
141,B001573186,鹏欣一品漫城4期,上海市闵行区芦恒路378弄,121.488334,31.116984,79.83333333333333,20.516666666666666,56.93333333333333,13750.0,3.023629400504664,"{ ""交通设施"": 11, ""休闲娱乐"": 3, ""公司企业"": 13, ""医疗保健"": 6, ""商务住宅"": 20, ""旅游景点"": 1, ""汽车相关"": 11, ""生活服务"": 36, ""科教文化"": 7, ""购物消费"": 34, ""运动健身"": 4, ""餐饮美食"": 50 }"
142,B001521E00,杨南新村,上海市浦东新区杨南路826弄之1-46号,121.503351,31.150784,34.36666666666667,13.616666666666667,26.53333333333333,9350.0,2.954648380052298,"{ ""交通设施"": 152, ""休闲娱乐"": 27, ""公司企业"": 131, ""医疗保健"": 79, ""商务住宅"": 159, ""旅游景点"": 5, ""汽车相关"": 67, ""生活服务"": 474, ""科教文化"": 61, ""购物消费"": 714, ""运动健身"": 31, ""酒店住宿"": 52, ""金融机构"": 23, ""餐饮美食"": 463 }"
143,B00155IU82,樱桃苑,上海市浦东新区环林东路270弄1-39号,121.524368,31.148196,61.95,18.166666666666668,22.95,20625.0,3.197509843595561,"{ ""交通设施"": 98, ""休闲娱乐"": 4, ""公司企业"": 39, ""医疗保健"": 37, ""商务住宅"": 38, ""旅游景点"": 3, ""汽车相关"": 33, ""生活服务"": 170, ""科教文化"": 67, ""购物消费"": 130, ""运动健身"": 22, ""酒店住宿"": 8, ""金融机构"": 6, ""餐饮美食"": 76 }"
144,B00155L3M7,上钢一村(昌里路),上海市浦东新区上南路1200弄上钢一村107号-135号,121.494044,31.172595,49.86666666666667,20.9,24.416666666666668,3850.0,3.127993306074412,"{ ""交通设施"": 153, ""休闲娱乐"": 27, ""公司企业"": 123, ""医疗保健"": 68, ""商务住宅"": 128, ""旅游景点"": 8, ""汽车相关"": 26, ""生活服务"": 311, ""科教文化"": 95, ""购物消费"": 506, ""运动健身"": 27, ""酒店住宿"": 41, ""金融机构"": 53, ""餐饮美食"": 343 }"
145,B0FFH8HO5F,嘉宝·前滩后院,上海市浦东新区云台路1101弄,121.512198,31.155409,48.36666666666667,16.583333333333332,30.5,8137.525,3.0072746731978017,"{ ""交通设施"": 161, ""休闲娱乐"": 35, ""公司企业"": 94, ""医疗保健"": 42, ""商务住宅"": 77, ""旅游景点"": 5, ""汽车相关"": 57, ""生活服务"": 287, ""科教文化"": 65, ""购物消费"": 547, ""运动健身"": 35, ""酒店住宿"": 38, ""金融机构"": 18, ""餐饮美食"": 354 }"
146,B001542AA8,上南十二村,上海市浦东新区德州路20弄1-61号,121.505191,31.168962,54.16666666666666,19.766666666666666,34.5,2750.0,2.993962020209202,"{ ""交通设施"": 136, ""休闲娱乐"": 27, ""公司企业"": 61, ""医疗保健"": 77, ""商务住宅"": 105, ""旅游景点"": 9, ""汽车相关"": 28, ""生活服务"": 305, ""科教文化"": 90, ""购物消费"": 537, ""运动健身"": 22, ""酒店住宿"": 39, ""金融机构"": 24, ""餐饮美食"": 380 }"
147,B0015457F9,上钢四村,上海市浦东新区成山路171号,121.491951,31.172884,47.9,18.7,29.8,8042.375,3.1575296837712563,"{ ""交通设施"": 130, ""休闲娱乐"": 16, ""公司企业"": 109, ""医疗保健"": 50, ""商务住宅"": 108, ""旅游景点"": 8, ""汽车相关"": 19, ""生活服务"": 251, ""科教文化"": 73, ""购物消费"": 369, ""运动健身"": 24, ""酒店住宿"": 34, ""金融机构"": 46, ""餐饮美食"": 275 }"
148,B00156EE6L,万富汇,上海市浦东新区浦东板泉路1567号(近东明路),121.512362,31.163588,57.016666666666666,22.166666666666668,32.7,4309.9375,3.195209634897063,"{ ""交通设施"": 110, ""休闲娱乐"": 25, ""公司企业"": 45, ""医疗保健"": 36, ""商务住宅"": 62, ""旅游景点"": 4, ""汽车相关"": 48, ""生活服务"": 167, ""科教文化"": 59, ""购物消费"": 239, ""运动健身"": 23, ""酒店住宿"": 14, ""金融机构"": 3, ""餐饮美食"": 130 }"
149,B00154DWBU,云台一小区,上海市浦东新区昌里东路80弄1-62号,121.506201,31.174375,62.36666666666667,23.75,33.43333333333333,6058.8,3.1548992740594817,"{ ""交通设施"": 188, ""休闲娱乐"": 34, ""公司企业"": 67, ""医疗保健"": 80, ""商务住宅"": 126, ""旅游景点"": 9, ""汽车相关"": 46, ""生活服务"": 376, ""科教文化"": 118, ""购物消费"": 539, ""运动健身"": 66, ""酒店住宿"": 39, ""金融机构"": 46, ""餐饮美食"": 346 }"
150,B00156O3EL,逸翠公馆,上海市浦东新区南码头路1288弄1-3号(近齐河路),121.512755,31.181225,84.58333333333333,25.65,43.41666666666666,6875.0,3.3011416138118004,"{ ""交通设施"": 150, ""休闲娱乐"": 13, ""公司企业"": 112, ""医疗保健"": 60, ""商务住宅"": 94, ""旅游景点"": 1, ""汽车相关"": 66, ""生活服务"": 293, ""科教文化"": 75, ""购物消费"": 245, ""运动健身"": 54, ""酒店住宿"": 20, ""金融机构"": 39, ""餐饮美食"": 175 }"
151,B00155ISVB,上钢二村,上海市浦东新区上南路1000弄1-16号,121.493859,31.175832,54.93333333333333,21.08333333333333,25.366666666666667,2750.0,3.211209167156986,"{ ""交通设施"": 173, ""休闲娱乐"": 38, ""公司企业"": 149, ""医疗保健"": 58, ""商务住宅"": 125, ""旅游景点"": 17, ""汽车相关"": 36, ""生活服务"": 274, ""科教文化"": 95, ""购物消费"": 507, ""运动健身"": 36, ""酒店住宿"": 33, ""金融机构"": 71, ""餐饮美食"": 331 }"
152,B001577GKZ,欣佳宝邸,上海市闵行区闵驰二路58弄,121.539354,31.043258,194.96666666666667,52.88333333333333,60.16666666666666,25200.0375,3.1368177579726546,"{ ""交通设施"": 57, ""休闲娱乐"": 11, ""公司企业"": 15, ""医疗保健"": 18, ""商务住宅"": 42, ""旅游景点"": 2, ""汽车相关"": 17, ""生活服务"": 123, ""科教文化"": 36, ""购物消费"": 102, ""运动健身"": 11, ""酒店住宿"": 8, ""金融机构"": 3, ""餐饮美食"": 84 }"
153,B00155L3ZM,住友昌盛新苑,上海市浦东新区东明路660弄1-19号,121.50907,31.177952,72.61666666666666,24.5,33.93333333333333,5225.0,3.3021616572042336,"{ ""交通设施"": 149, ""休闲娱乐"": 21, ""公司企业"": 66, ""医疗保健"": 64, ""商务住宅"": 95, ""旅游景点"": 3, ""汽车相关"": 49, ""生活服务"": 277, ""科教文化"": 84, ""购物消费"": 279, ""运动健身"": 58, ""酒店住宿"": 26, ""金融机构"": 43, ""餐饮美食"": 198 }"
154,B00155FITN,杨思水境园,"上海市浦东新区浦东振兴东路2号,振兴东路12弄1-15号",121.495457,31.162334,34.88333333333333,14.316666666666666,22.433333333333334,4125.0,3.141451804477941,"{ ""交通设施"": 129, ""休闲娱乐"": 24, ""公司企业"": 84, ""医疗保健"": 49, ""商务住宅"": 116, ""旅游景点"": 12, ""汽车相关"": 27, ""生活服务"": 298, ""科教文化"": 88, ""购物消费"": 368, ""运动健身"": 25, ""酒店住宿"": 33, ""金融机构"": 26, ""餐饮美食"": 293 }"
155,B00155L417,博文家园,上海市浦东新区浦东南码头路1120弄1-16号,121.513631,31.185647,87.08333333333333,25.416666666666668,36.21666666666667,3272.5,3.354330128703957,"{ ""交通设施"": 159, ""休闲娱乐"": 15, ""公司企业"": 120, ""医疗保健"": 44, ""商务住宅"": 105, ""旅游景点"": 4, ""汽车相关"": 70, ""生活服务"": 229, ""科教文化"": 69, ""购物消费"": 207, ""运动健身"": 45, ""酒店住宿"": 25, ""金融机构"": 26, ""餐饮美食"": 168 }"
156,B00155IRJF,景江苑C区,上海市闵行区浦秀路499弄23号,121.492819,31.078202,119.36666666666666,33.233333333333334,53.5,18191.25,3.371312873676904,"{ ""交通设施"": 56, ""休闲娱乐"": 3, ""公司企业"": 30, ""医疗保健"": 14, ""商务住宅"": 16, ""旅游景点"": 6, ""汽车相关"": 17, ""生活服务"": 27, ""科教文化"": 14, ""购物消费"": 44, ""运动健身"": 5, ""酒店住宿"": 52, ""金融机构"": 2, ""餐饮美食"": 29 }"
157,B00156F743,复地申公馆,上海市闵行区恒南路688弄1-44号,121.517781,31.073986,134.2,35.8,46.16666666666666,10643.875,3.0737057623788258,"{ ""交通设施"": 105, ""休闲娱乐"": 20, ""公司企业"": 462, ""医疗保健"": 24, ""商务住宅"": 93, ""旅游景点"": 7, ""汽车相关"": 98, ""生活服务"": 186, ""科教文化"": 53, ""购物消费"": 314, ""运动健身"": 31, ""酒店住宿"": 42, ""金融机构"": 19, ""餐饮美食"": 307 }"
158,B00151411B,上南玲珑苑,上海市浦东新区上南路3881弄之1-22号,121.507209,31.150661,38.43333333333333,16.233333333333334,20.866666666666667,2818.3375,2.9886514562706097,"{ ""交通设施"": 147, ""休闲娱乐"": 23, ""公司企业"": 107, ""医疗保健"": 70, ""商务住宅"": 129, ""旅游景点"": 4, ""汽车相关"": 45, ""生活服务"": 352, ""科教文化"": 41, ""购物消费"": 549, ""运动健身"": 27, ""酒店住宿"": 44, ""金融机构"": 18, ""餐饮美食"": 358 }"
159,B00155IMY0,上钢三村,上海市浦东新区历城路100弄之1-12号,121.490924,31.174959,51.3,19.933333333333334,32.15,24750.0,3.278303732282776,"{ ""交通设施"": 138, ""休闲娱乐"": 24, ""公司企业"": 147, ""医疗保健"": 50, ""商务住宅"": 117, ""旅游景点"": 11, ""汽车相关"": 31, ""生活服务"": 213, ""科教文化"": 71, ""购物消费"": 334, ""运动健身"": 24, ""酒店住宿"": 31, ""金融机构"": 61, ""餐饮美食"": 247 }"
160,B00156G88P,依水园,上海市浦东新区林展路411弄1-15号,121.508866,31.121721,67.45,21.8,43.31666666666667,13591.4625,2.9538650246780342,"{ ""交通设施"": 66, ""休闲娱乐"": 8, ""公司企业"": 34, ""医疗保健"": 17, ""商务住宅"": 37, ""旅游景点"": 1, ""汽车相关"": 48, ""生活服务"": 239, ""科教文化"": 46, ""购物消费"": 133, ""运动健身"": 11, ""酒店住宿"": 9, ""金融机构"": 9, ""餐饮美食"": 195 }"
161,B00156TLWM,上海万科新里程歌雅花园,上海市浦东新区高青路2878弄1-69号,121.530339,31.159803,74.41666666666667,23.98333333333333,45.7,45375.0,2.826966130545165,"{ ""交通设施"": 85, ""休闲娱乐"": 12, ""公司企业"": 38, ""医疗保健"": 14, ""商务住宅"": 33, ""旅游景点"": 2, ""汽车相关"": 29, ""生活服务"": 191, ""科教文化"": 28, ""购物消费"": 311, ""运动健身"": 15, ""酒店住宿"": 13, ""金融机构"": 6, ""餐饮美食"": 97 }"
162,B0FFG6O6NQ,永康城永锦苑,上海市闵行区永颂路198弄1-32号,121.502778,31.029364,200.8,49.41666666666666,75.75,14677.7125,2.9238327748886843,"{ ""交通设施"": 20, ""公司企业"": 6, ""医疗保健"": 3, ""商务住宅"": 13, ""汽车相关"": 33, ""生活服务"": 24, ""科教文化"": 7, ""购物消费"": 18, ""运动健身"": 1, ""金融机构"": 1, ""餐饮美食"": 40 }"
163,B00156TGWR,上南翡翠,上海市浦东新区杨南路399弄1号,121.495019,31.150913,25.8,10.3,23.55,10315.25,3.0819714496110726,"{ ""交通设施"": 115, ""休闲娱乐"": 15, ""公司企业"": 142, ""医疗保健"": 59, ""商务住宅"": 133, ""旅游景点"": 4, ""汽车相关"": 55, ""生活服务"": 368, ""科教文化"": 60, ""购物消费"": 432, ""运动健身"": 36, ""酒店住宿"": 26, ""金融机构"": 24, ""餐饮美食"": 301 }"
164,B00156D361,金光小区,上海市浦东新区上南路4265弄之1-184号,121.512819,31.145131,48.1,17.7,23.916666666666668,13750.0,3.0671892800096168,"{ ""交通设施"": 129, ""休闲娱乐"": 23, ""公司企业"": 86, ""医疗保健"": 62, ""商务住宅"": 111, ""旅游景点"": 4, ""汽车相关"": 33, ""生活服务"": 333, ""科教文化"": 85, ""购物消费"": 447, ""运动健身"": 31, ""酒店住宿"": 43, ""金融机构"": 23, ""餐饮美食"": 348 }"
165,B00155R0ZA,古银杏苑,上海市浦东新区环林东路742弄之1-11号,121.529324,31.142751,74.28333333333333,20.016666666666666,33.016666666666666,6941.275,3.0807599497146225,"{ ""交通设施"": 116, ""休闲娱乐"": 14, ""公司企业"": 18, ""医疗保健"": 44, ""商务住宅"": 57, ""旅游景点"": 3, ""汽车相关"": 32, ""生活服务"": 233, ""科教文化"": 81, ""购物消费"": 241, ""运动健身"": 25, ""酒店住宿"": 10, ""金融机构"": 15, ""餐饮美食"": 163 }"
166,B00150C291,上南二村,上海市浦东新区上南路929弄1-53号,121.496782,31.175587,58.18333333333333,20.05,28.216666666666665,44000.0,3.1611196900352283,"{ ""交通设施"": 182, ""休闲娱乐"": 45, ""公司企业"": 129, ""医疗保健"": 61, ""商务住宅"": 127, ""旅游景点"": 19, ""汽车相关"": 32, ""生活服务"": 303, ""科教文化"": 105, ""购物消费"": 572, ""运动健身"": 47, ""酒店住宿"": 37, ""金融机构"": 65, ""餐饮美食"": 411 }"
167,B00155L4UU,昌五小区,上海市浦东新区昌里东路650弄之1-47号,121.517396,31.178537,80.36666666666666,26.116666666666667,40.68333333333333,16500.0,3.238253712618275,"{ ""交通设施"": 214, ""休闲娱乐"": 30, ""公司企业"": 139, ""医疗保健"": 66, ""商务住宅"": 159, ""旅游景点"": 3, ""汽车相关"": 73, ""生活服务"": 401, ""科教文化"": 89, ""购物消费"": 395, ""运动健身"": 46, ""酒店住宿"": 29, ""金融机构"": 42, ""餐饮美食"": 221 }"
168,B0FFFGK2O7,永康城星华园,上海市闵行区盐铁塘路565弄1-28号,121.502828,31.034204,193.38333333333333,48.16666666666666,68.46666666666667,14003.9625,2.96915581004091,"{ ""交通设施"": 18, ""公司企业"": 14, ""医疗保健"": 2, ""商务住宅"": 12, ""旅游景点"": 1, ""汽车相关"": 35, ""生活服务"": 26, ""科教文化"": 7, ""购物消费"": 17, ""金融机构"": 1, ""餐饮美食"": 34 }"
169,B00155I52S,凌兆丹桂苑,上海市浦东新区三林路675弄1-13号,121.504356,31.141509,44.5,15.666666666666666,33.28333333333333,7975.0,3.12229329940767,"{ ""交通设施"": 97, ""休闲娱乐"": 19, ""公司企业"": 118, ""医疗保健"": 68, ""商务住宅"": 122, ""旅游景点"": 9, ""汽车相关"": 46, ""生活服务"": 360, ""科教文化"": 89, ""购物消费"": 427, ""运动健身"": 27, ""酒店住宿"": 45, ""金融机构"": 24, ""餐饮美食"": 307 }"
170,B0015150BA,凌云公寓(灵岩南路),上海市浦东新区灵岩南路801弄1-4号,121.49893,31.147771,27.1,9.416666666666666,21.633333333333333,6661.325,2.978567625873061,"{ ""交通设施"": 93, ""休闲娱乐"": 11, ""公司企业"": 77, ""医疗保健"": 52, ""商务住宅"": 118, ""旅游景点"": 3, ""汽车相关"": 44, ""生活服务"": 402, ""科教文化"": 49, ""购物消费"": 338, ""运动健身"": 22, ""酒店住宿"": 25, ""金融机构"": 9, ""餐饮美食"": 199 }"
171,B00154DMVE,德州二村,上海市浦东新区德州路255弄1-100号,121.492115,31.169401,42.73333333333333,15.333333333333334,23.866666666666667,2887.5,3.093931644333531,"{ ""交通设施"": 123, ""休闲娱乐"": 14, ""公司企业"": 83, ""医疗保健"": 57, ""商务住宅"": 141, ""旅游景点"": 7, ""汽车相关"": 23, ""生活服务"": 305, ""科教文化"": 72, ""购物消费"": 362, ""运动健身"": 15, ""酒店住宿"": 38, ""金融机构"": 27, ""餐饮美食"": 287 }"
172,B00123ABCD,NYU Shanghai, 杨思西路567号,121.47708,31.150854, 0,0,0,0,3.1288136425217514,"{ ""交通设施"": 0, ""休闲娱乐"": 0, ""公司企业"": 0, ""医疗保健"": 0, ""商务住宅"": 0, ""旅游景点"": 0, ""汽车相关"": 0, ""生活服务"": 0, ""科教文化"": 0, ""购物消费"": 0, ""运动健身"": 0, ""酒店住宿"": 0, ""金融机构"": 0, ""餐饮美食"": 0 }"
